token,symbol,name,expiry,strike,lotsize,instrumenttype,exch_seg,tick_size
10473,POWERMECH-EQ,POWERMECH,,-1,1,,NSE,5
13648,TALBROAUTO-EQ,TALBROAUTO,,-1,1,,NSE,5
2616,SEAMECLTD-EQ,SEAMECLTD,,-1,1,,NSE,5
15044,DELTACORP-EQ,DELTACORP,,-1,1,,NSE,5
5938,MONTECARLO-EQ,MONTECARLO,,-1,1,,NSE,5
11896,GEOJITFSL-EQ,GEOJITFSL,,-1,1,,NSE,5
866,DHARSUGAR-EQ,DHARSUGAR,,-1,1,,NSE,5
31234,SCHNEIDER-EQ,SCHNEIDER,,-1,1,,NSE,5
21332,BHAGYAPROP-EQ,BHAGYAPROP,,-1,1,,NSE,5
11394,ZOTA-EQ,ZOTA,,-1,1,,NSE,5
19234,LAURUSLABS-EQ,LAURUSLABS,,-1,1,,NSE,5
14450,IBREALEST-EQ,IBREALEST,,-1,1,,NSE,5
2837,RANASUG-EQ,RANASUG,,-1,1,,NSE,5
2049,CHENNPETRO-EQ,CHENNPETRO,,-1,1,,NSE,5
79,ALEMBICLTD-EQ,ALEMBICLTD,,-1,1,,NSE,5
13643,ELECON-EQ,ELECON,,-1,1,,NSE,5
1594,INFY-EQ,INFY,,-1,1,,NSE,5
6066,ATGL-EQ,ATGL,,-1,1,,NSE,5
14314,TTL-EQ,TTL,,-1,1,,NSE,5
13976,TANLA-EQ,TANLA,,-1,1,,NSE,5
10738,OFSS-EQ,OFSS,,-1,1,,NSE,5
277,GICRE-EQ,GICRE,,-1,1,,NSE,5
144,GODREJAGRO-EQ,GODREJAGRO,,-1,1,,NSE,5
3721,TATACOMM-EQ,TATACOMM,,-1,1,,NSE,5
17002,FELDVR-EQ,FELDVR,,-1,1,,NSE,5
21314,DYNPRO-EQ,DYNPRO,,-1,1,,NSE,5
3339,SUNDARMFIN-EQ,SUNDARMFIN,,-1,1,,NSE,5
10515,UTISENSETF-EQ,UTISENSETF,,-1,1,,NSE,1
14657,INSECTICID-EQ,INSECTICID,,-1,1,,NSE,5
1621,TATAINVEST-EQ,TATAINVEST,,-1,1,,NSE,5
5948,SOUTHBANK-EQ,SOUTHBANK,,-1,1,,NSE,5
11681,IMPEXFERRO-EQ,IMPEXFERRO,,-1,1,,NSE,5
10297,PPL-EQ,PPL,,-1,1,,NSE,5
2085,MAHSCOOTER-EQ,MAHSCOOTER,,-1,1,,NSE,5
7374,STAR-EQ,STAR,,-1,1,,NSE,5
685,CHOLAFIN-EQ,CHOLAFIN,,-1,1,,NSE,5
857,DHAMPURSUG-EQ,DHAMPURSUG,,-1,1,,NSE,5
21690,DIXON-EQ,DIXON,,-1,1,,NSE,5
22243,EBBETF0425-EQ,EBBETF0425,,-1,1,,NSE,1
10440,LUPIN-EQ,LUPIN,,-1,1,,NSE,5
1333,HDFCBANK-EQ,HDFCBANK,,-1,1,,NSE,5
3001,ICICI500-EQ,ICICI500,,-1,1,,NSE,1
4430,JMCPROJECT-EQ,JMCPROJECT,,-1,1,,NSE,5
10661,PONNIERODE-EQ,PONNIERODE,,-1,1,,NSE,5
15061,KOTAKPSUBK-EQ,KOTAKPSUBK,,-1,1,,NSE,1
21683,BRNL-EQ,BRNL,,-1,1,,NSE,5
3387,SMLISUZU-EQ,SMLISUZU,,-1,1,,NSE,5
14490,NCLIND-EQ,NCLIND,,-1,1,,NSE,5
11411,RKFORGE-EQ,RKFORGE,,-1,1,,NSE,5
20182,ASHOKA-EQ,ASHOKA,,-1,1,,NSE,5
13870,KUANTUM-EQ,KUANTUM,,-1,1,,NSE,5
21733,RHFL-EQ,RHFL,,-1,1,,NSE,5
4668,BANKBARODA-EQ,BANKBARODA,,-1,1,,NSE,5
637,CHAMBLFERT-EQ,CHAMBLFERT,,-1,1,,NSE,5
10726,INDIAMART-EQ,INDIAMART,,-1,1,,NSE,5
7929,CADILAHC-EQ,CADILAHC,,-1,1,,NSE,5
1964,TRENT-EQ,TRENT,,-1,1,,NSE,5
2056,HOMEFIRST-EQ,HOMEFIRST,,-1,1,,NSE,5
14597,ALPHAGEO-EQ,ALPHAGEO,,-1,1,,NSE,5
21462,SPTL-EQ,SPTL,,-1,1,,NSE,5
20936,KIRLOSENG-EQ,KIRLOSENG,,-1,1,,NSE,5
13197,GSPL-EQ,GSPL,,-1,1,,NSE,5
6944,GANECOS-EQ,GANECOS,,-1,1,,NSE,5
136,ANDHRSUGAR-EQ,ANDHRSUGAR,,-1,1,,NSE,5
184,TCPLPACK-EQ,TCPLPACK,,-1,1,,NSE,5
3411,TATAELXSI-EQ,TATAELXSI,,-1,1,,NSE,5
8163,SPENCERS-EQ,SPENCERS,,-1,1,,NSE,5
3509,TNPETRO-EQ,TNPETRO,,-1,1,,NSE,5
13710,FIEMIND-EQ,FIEMIND,,-1,1,,NSE,5
3466,TFCILTD-EQ,TFCILTD,,-1,1,,NSE,5
13577,VOLTAMP-EQ,VOLTAMP,,-1,1,,NSE,5
6364,NATIONALUM-EQ,NATIONALUM,,-1,1,,NSE,5
2972,ORIENTELEC-EQ,ORIENTELEC,,-1,1,,NSE,5
14732,DLF-EQ,DLF,,-1,1,,NSE,5
958,ESCORTS-EQ,ESCORTS,,-1,1,,NSE,5
18011,WHIRLPOOL-EQ,WHIRLPOOL,,-1,1,,NSE,5
17438,OIL-EQ,OIL,,-1,1,,NSE,5
11872,GRANULES-EQ,GRANULES,,-1,1,,NSE,5
1597,INGERRAND-EQ,INGERRAND,,-1,1,,NSE,5
2268,MOTOGENFIN-EQ,MOTOGENFIN,,-1,1,,NSE,5
1480,REPL-EQ,REPL,,-1,1,,NSE,5
17903,ABBOTINDIA-EQ,ABBOTINDIA,,-1,1,,NSE,5
17881,DBCORP-EQ,DBCORP,,-1,1,,NSE,5
11841,KENNAMET-EQ,KENNAMET,,-1,1,,NSE,5
2176,AKG-EQ,AKG,,-1,1,,NSE,5
19073,AARVI-EQ,AARVI,,-1,1,,NSE,5
12978,NPBET-EQ,NPBET,,-1,1,,NSE,1
11927,NECLIFE-EQ,NECLIFE,,-1,1,,NSE,5
13750,FLUOROCHEM-EQ,FLUOROCHEM,,-1,1,,NSE,5
13925,NFL-EQ,NFL,,-1,1,,NSE,5
15214,DVL-EQ,DVL,,-1,1,,NSE,5
15124,KOLTEPATIL-EQ,KOLTEPATIL,,-1,1,,NSE,5
22423,TOTAL-EQ,TOTAL,,-1,1,,NSE,5
1879,ACRYSIL-EQ,ACRYSIL,,-1,1,,NSE,5
4422,INDIANCARD-EQ,INDIANCARD,,-1,1,,NSE,5
13421,EMKAY-EQ,EMKAY,,-1,1,,NSE,5
11460,JPASSOCIAT-EQ,JPASSOCIAT,,-1,1,,NSE,5
13496,PFOCUS-EQ,PFOCUS,,-1,1,,NSE,5
1424,HINDZINC-EQ,HINDZINC,,-1,1,,NSE,5
18029,MBLINFRA-EQ,MBLINFRA,,-1,1,,NSE,5
15234,AMBIKCO-EQ,AMBIKCO,,-1,1,,NSE,5
1782,KANPRPLA-EQ,KANPRPLA,,-1,1,,NSE,5
22433,HBANKETF-EQ,HBANKETF,,-1,1,,NSE,1
18562,MITTAL-EQ,MITTAL,,-1,1,,NSE,5
17477,CONTROLPR-EQ,CONTROLPR,,-1,1,,NSE,5
18504,TVVISION-EQ,TVVISION,,-1,1,,NSE,5
22428,MAXIND-EQ,MAXIND,,-1,1,,NSE,5
913,EQUITASBNK-EQ,EQUITASBNK,,-1,1,,NSE,5
25756,VIKASECO-EQ,VIKASECO,,-1,1,,NSE,5
5610,ASTRAZEN-EQ,ASTRAZEN,,-1,1,,NSE,5
29733,NIBL-EQ,NIBL,,-1,1,,NSE,5
2289,HLEGLAS-EQ,HLEGLAS,,-1,1,,NSE,5
9436,AXISCADES-EQ,AXISCADES,,-1,1,,NSE,5
4105,SILINV-EQ,SILINV,,-1,1,,NSE,5
18866,MAZDA-EQ,MAZDA,,-1,1,,NSE,5
3496,TIRUMALCHM-EQ,TIRUMALCHM,,-1,1,,NSE,5
1565,RVHL-EQ,RVHL,,-1,1,,NSE,5
5528,KOTHARIPRO-EQ,KOTHARIPRO,,-1,1,,NSE,5
1448,HLVLTD-EQ,HLVLTD,,-1,1,,NSE,5
220,IEX-EQ,IEX,,-1,1,,NSE,5
17685,GPTINFRA-EQ,GPTINFRA,,-1,1,,NSE,5
21749,CAPACITE-EQ,CAPACITE,,-1,1,,NSE,5
22377,MAXHEALTH-EQ,MAXHEALTH,,-1,1,,NSE,5
3761,RITES-EQ,RITES,,-1,1,,NSE,5
10447,MCDOWELL-N-EQ,MCDOWELL-N,,-1,1,,NSE,5
1143,NCPSESDL24-EQ,NCPSESDL24,,-1,1,,NSE,1
14466,KIRLFER-EQ,KIRLFER,,-1,1,,NSE,5
371,BATAINDIA-EQ,BATAINDIA,,-1,1,,NSE,5
13400,BHAGERIA-EQ,BHAGERIA,,-1,1,,NSE,5
13598,SELAN-EQ,SELAN,,-1,1,,NSE,5
1576,GILLETTE-EQ,GILLETTE,,-1,1,,NSE,5
11593,HDFCSENETF-EQ,HDFCSENETF,,-1,1,,NSE,1
13565,RAMANEWS-EQ,RAMANEWS,,-1,1,,NSE,5
14908,KDDL-EQ,KDDL,,-1,1,,NSE,5
22344,ICICIALPLV-EQ,ICICIALPLV,,-1,1,,NSE,1
9931,VIKASMCORP-EQ,VIKASMCORP,,-1,1,,NSE,5
154,APCOTEXIND-EQ,APCOTEXIND,,-1,1,,NSE,5
13381,KKCL-EQ,KKCL,,-1,1,,NSE,5
3703,VIPIND-EQ,VIPIND,,-1,1,,NSE,5
4179,SUNDRMBRAK-EQ,SUNDRMBRAK,,-1,1,,NSE,5
1139,GICHSGFIN-EQ,GICHSGFIN,,-1,1,,NSE,5
4299,STERTOOLS-EQ,STERTOOLS,,-1,1,,NSE,5
25136,BROOKS-EQ,BROOKS,,-1,1,,NSE,5
19,INEOSSTYRO-EQ,INEOSSTYRO,,-1,1,,NSE,5
1134,APOLLO-EQ,APOLLO,,-1,1,,NSE,5
31837,SREEL-EQ,SREEL,,-1,1,,NSE,5
17635,ZYDUSWELL-EQ,ZYDUSWELL,,-1,1,,NSE,5
9581,METROPOLIS-EQ,METROPOLIS,,-1,1,,NSE,5
16045,PRINCEPIPE-EQ,PRINCEPIPE,,-1,1,,NSE,5
3892,HATSUN-EQ,HATSUN,,-1,1,,NSE,5
30012,CEREBRAINT-EQ,CEREBRAINT,,-1,1,,NSE,5
11195,INDIGO-EQ,INDIGO,,-1,1,,NSE,5
13522,NECCLTD-EQ,NECCLTD,,-1,1,,NSE,5
11915,YESBANK-EQ,YESBANK,,-1,1,,NSE,5
24403,ASHIANA-EQ,ASHIANA,,-1,1,,NSE,5
1267,GUJALKALI-EQ,GUJALKALI,,-1,1,,NSE,5
419,BEPL-EQ,BEPL,,-1,1,,NSE,5
13101,VIMTALABS-EQ,VIMTALABS,,-1,1,,NSE,5
1200,MAESGETF-EQ,MAESGETF,,-1,1,,NSE,1
17875,GODREJPROP-EQ,GODREJPROP,,-1,1,,NSE,5
1313,HARRMALAYA-EQ,HARRMALAYA,,-1,1,,NSE,5
10650,PRABHAT-EQ,PRABHAT,,-1,1,,NSE,5
3048,SCI-EQ,SCI,,-1,1,,NSE,5
2442,NOCIL-EQ,NOCIL,,-1,1,,NSE,5
2463,MIDHANI-EQ,MIDHANI,,-1,1,,NSE,5
21195,GTPL-EQ,GTPL,,-1,1,,NSE,5
16745,RBL-EQ,RBL,,-1,1,,NSE,5
18365,PERSISTENT-EQ,PERSISTENT,,-1,1,,NSE,5
317,BAJFINANCE-EQ,BAJFINANCE,,-1,1,,NSE,5
6711,IVC-EQ,IVC,,-1,1,,NSE,5
2256,PENINLAND-EQ,PENINLAND,,-1,1,,NSE,5
20419,ANDHRACEMT-EQ,ANDHRACEMT,,-1,1,,NSE,5
14299,PFC-EQ,PFC,,-1,1,,NSE,5
3375,SURYAROSNI-EQ,SURYAROSNI,,-1,1,,NSE,5
15204,ARIES-EQ,ARIES,,-1,1,,NSE,5
13880,BANCOINDIA-EQ,BANCOINDIA,,-1,1,,NSE,5
16807,LOTUSEYE-EQ,LOTUSEYE,,-1,1,,NSE,5
11369,TTKHLTCARE-EQ,TTKHLTCARE,,-1,1,,NSE,5
48,HAPPSTMNDS-EQ,HAPPSTMNDS,,-1,1,,NSE,5
16751,RANEENGINE-EQ,RANEENGINE,,-1,1,,NSE,5
1826,KAMATHOTEL-EQ,KAMATHOTEL,,-1,1,,NSE,5
11596,LINCOLN-EQ,LINCOLN,,-1,1,,NSE,5
2188,GENCON-EQ,GENCON,,-1,1,,NSE,5
3744,FINEORG-EQ,FINEORG,,-1,1,,NSE,5
27037,TBZ-EQ,TBZ,,-1,1,,NSE,5
4378,ICICISENSX-EQ,ICICISENSX,,-1,1,,NSE,1
13187,RCOM-EQ,RCOM,,-1,1,,NSE,5
17029,RUCHI-EQ,RUCHI,,-1,1,,NSE,5
13816,DAAWAT-EQ,DAAWAT,,-1,1,,NSE,5
13536,VIDHIING-EQ,VIDHIING,,-1,1,,NSE,5
6543,GRPLTD-EQ,GRPLTD,,-1,1,,NSE,5
10588,SHREEPUSHK-EQ,SHREEPUSHK,,-1,1,,NSE,5
11647,KOTARISUG-EQ,KOTARISUG,,-1,1,,NSE,5
12034,BASML-EQ,BASML,,-1,1,,NSE,5
14208,TV18BRDCST-EQ,TV18BRDCST,,-1,1,,NSE,5
17263,ARMANFIN-EQ,ARMANFIN,,-1,1,,NSE,5
11677,INDOCO-EQ,INDOCO,,-1,1,,NSE,5
17514,SETCO-EQ,SETCO,,-1,1,,NSE,5
438,BHEL-EQ,BHEL,,-1,1,,NSE,5
14853,OMAXE-EQ,OMAXE,,-1,1,,NSE,5
11359,DHANBANK-EQ,DHANBANK,,-1,1,,NSE,5
1023,FEDERALBNK-EQ,FEDERALBNK,,-1,1,,NSE,5
11532,ULTRACEMCO-EQ,ULTRACEMCO,,-1,1,,NSE,5
14245,TVSSRICHAK-EQ,TVSSRICHAK,,-1,1,,NSE,5
14922,PURVA-EQ,PURVA,,-1,1,,NSE,5
11961,REVATHI-EQ,REVATHI,,-1,1,,NSE,5
15254,CEATLTD-EQ,CEATLTD,,-1,1,,NSE,5
24999,YAARII-EQ,YAARII,,-1,1,,NSE,5
7508,ZENTEC-EQ,ZENTEC,,-1,1,,NSE,5
17475,ICICINV20-EQ,ICICINV20,,-1,1,,NSE,1
14627,HILTON-EQ,HILTON,,-1,1,,NSE,5
14947,MOTILALOFS-EQ,MOTILALOFS,,-1,1,,NSE,5
13251,SAKUMA-EQ,SAKUMA,,-1,1,,NSE,5
13342,VAKRANGEE-EQ,VAKRANGEE,,-1,1,,NSE,5
2475,ONGC-EQ,ONGC,,-1,1,,NSE,5
13998,SITINET-EQ,SITINET,,-1,1,,NSE,5
15219,PATINTLOG-EQ,PATINTLOG,,-1,1,,NSE,5
2649,PHILIPCARB-EQ,PHILIPCARB,,-1,1,,NSE,5
4176,ZENITHEXPO-EQ,ZENITHEXPO,,-1,1,,NSE,5
7463,MANAKSTEEL-EQ,MANAKSTEEL,,-1,1,,NSE,5
8833,BCG-EQ,BCG,,-1,1,,NSE,5
14750,MEGH-EQ,MEGH,,-1,1,,NSE,5
14101,PTL-EQ,PTL,,-1,1,,NSE,5
21427,THEINVEST-EQ,THEINVEST,,-1,1,,NSE,5
9921,ALANKIT-EQ,ALANKIT,,-1,1,,NSE,5
10755,APTECHT-EQ,APTECHT,,-1,1,,NSE,5
13771,AARVEEDEN-EQ,AARVEEDEN,,-1,1,,NSE,5
13463,PIONEEREMB-EQ,PIONEEREMB,,-1,1,,NSE,5
1494,BURGERKING-EQ,BURGERKING,,-1,1,,NSE,5
757,CRISIL-EQ,CRISIL,,-1,1,,NSE,5
13890,HIRECT-EQ,HIRECT,,-1,1,,NSE,5
1811,KAKATCEM-EQ,KAKATCEM,,-1,1,,NSE,5
18497,SABEVENTS-EQ,SABEVENTS,,-1,1,,NSE,5
19235,IMFA-EQ,IMFA,,-1,1,,NSE,5
10457,ARVSMART-EQ,ARVSMART,,-1,1,,NSE,5
2799,CHEMFAB-EQ,CHEMFAB,,-1,1,,NSE,5
21238,AUBANK-EQ,AUBANK,,-1,1,,NSE,5
14058,SANGHVIMOV-EQ,SANGHVIMOV,,-1,1,,NSE,5
13305,CENTURYPLY-EQ,CENTURYPLY,,-1,1,,NSE,5
28877,MORARJEE-EQ,MORARJEE,,-1,1,,NSE,5
2969,SAKHTISUG-EQ,SAKHTISUG,,-1,1,,NSE,5
24265,ESTER-EQ,ESTER,,-1,1,,NSE,5
1041,FINPIPE-EQ,FINPIPE,,-1,1,,NSE,5
22239,EBBETF0431-EQ,EBBETF0431,,-1,1,,NSE,1
18378,FRETAIL-EQ,FRETAIL,,-1,1,,NSE,5
4717,GAIL-EQ,GAIL,,-1,1,,NSE,5
2997,SANGHIIND-EQ,SANGHIIND,,-1,1,,NSE,5
16675,BAJAJFINSV-EQ,BAJAJFINSV,,-1,1,,NSE,5
509,MAZDOCK-EQ,MAZDOCK,,-1,1,,NSE,5
10578,MPSLTD-EQ,MPSLTD,,-1,1,,NSE,5
6407,LAMBODHARA-EQ,LAMBODHARA,,-1,1,,NSE,5
20159,ARIHANTSUP-EQ,ARIHANTSUP,,-1,1,,NSE,5
17770,GROBTEA-EQ,GROBTEA,,-1,1,,NSE,5
811,DCMSHRIRAM-EQ,DCMSHRIRAM,,-1,1,,NSE,5
11971,GOLDIAM-EQ,GOLDIAM,,-1,1,,NSE,5
24225,RELAXO-EQ,RELAXO,,-1,1,,NSE,5
14329,SMSPHARMA-EQ,SMSPHARMA,,-1,1,,NSE,5
967,SUBEXLTD-EQ,SUBEXLTD,,-1,1,,NSE,5
8696,VRLLOG-EQ,VRLLOG,,-1,1,,NSE,5
804,SHIVATEX-EQ,SHIVATEX,,-1,1,,NSE,5
1726,JBCHEPHARM-EQ,JBCHEPHARM,,-1,1,,NSE,5
1348,HEROMOTOCO-EQ,HEROMOTOCO,,-1,1,,NSE,5
7353,SETFNN50-EQ,SETFNN50,,-1,1,,NSE,1
15409,NESCO-EQ,NESCO,,-1,1,,NSE,5
21808,SBILIFE-EQ,SBILIFE,,-1,1,,NSE,5
20323,RESPONIND-EQ,RESPONIND,,-1,1,,NSE,5
14547,NXTDIGITAL-EQ,NXTDIGITAL,,-1,1,,NSE,5
14813,ADSL-EQ,ADSL,,-1,1,,NSE,5
19366,AHLWEST-EQ,AHLWEST,,-1,1,,NSE,5
11689,SUPRAJIT-EQ,SUPRAJIT,,-1,1,,NSE,5
1607,GODHA-EQ,GODHA,,-1,1,,NSE,5
17927,BAYERCROP-EQ,BAYERCROP,,-1,1,,NSE,5
4221,VISAKAIND-EQ,VISAKAIND,,-1,1,,NSE,5
6961,MENONBE-EQ,MENONBE,,-1,1,,NSE,5
14537,DISHTV-EQ,DISHTV,,-1,1,,NSE,5
18581,KIRLOSBROS-EQ,KIRLOSBROS,,-1,1,,NSE,5
3672,SOLARA-EQ,SOLARA,,-1,1,,NSE,5
20134,RAMKY-EQ,RAMKY,,-1,1,,NSE,5
14567,BFUTILITIE-EQ,BFUTILITIE,,-1,1,,NSE,5
3821,ZODIACLOTH-EQ,ZODIACLOTH,,-1,1,,NSE,5
18321,LGBBROSLTD-EQ,LGBBROSLTD,,-1,1,,NSE,5
1841,KCP-EQ,KCP,,-1,1,,NSE,5
17922,GEEKAYWIRE-EQ,GEEKAYWIRE,,-1,1,,NSE,5
11435,SPANDANA-EQ,SPANDANA,,-1,1,,NSE,5
6908,VISHNU-EQ,VISHNU,,-1,1,,NSE,5
4898,FDC-EQ,FDC,,-1,1,,NSE,5
15313,IRB-EQ,IRB,,-1,1,,NSE,5
2306,BESTAGRO-EQ,BESTAGRO,,-1,1,,NSE,5
11236,JSL-EQ,JSL,,-1,1,,NSE,5
3607,UNIVCABLES-EQ,UNIVCABLES,,-1,1,,NSE,5
10940,DIVISLAB-EQ,DIVISLAB,,-1,1,,NSE,5
20621,PENIND-EQ,PENIND,,-1,1,,NSE,5
25786,KANANIIND-EQ,KANANIIND,,-1,1,,NSE,5
2939,RUBYMILLS-EQ,RUBYMILLS,,-1,1,,NSE,5
1315,GALAXYSURF-EQ,GALAXYSURF,,-1,1,,NSE,5
4870,INDSWFTLAB-EQ,INDSWFTLAB,,-1,1,,NSE,5
29423,MOHITIND-EQ,MOHITIND,,-1,1,,NSE,5
11868,63MOONS-EQ,63MOONS,,-1,1,,NSE,5
5142,CIGNITITEC-EQ,CIGNITITEC,,-1,1,,NSE,5
2277,MRF-EQ,MRF,,-1,1,,NSE,5
10990,RADICO-EQ,RADICO,,-1,1,,NSE,5
10828,SEYAIND-EQ,SEYAIND,,-1,1,,NSE,5
13982,JASH-EQ,JASH,,-1,1,,NSE,5
11452,CCL-EQ,CCL,,-1,1,,NSE,5
24969,WINDMACHIN-EQ,WINDMACHIN,,-1,1,,NSE,5
1389,SUPREMEENG-EQ,SUPREMEENG,,-1,1,,NSE,5
21623,APEX-EQ,APEX,,-1,1,,NSE,5
21095,SPYL-EQ,SPYL,,-1,1,,NSE,5
7838,NETF-EQ,NETF,,-1,1,,NSE,1
21614,ABCAPITAL-EQ,ABCAPITAL,,-1,1,,NSE,5
1360,HIMATSEIDE-EQ,HIMATSEIDE,,-1,1,,NSE,5
2328,CPSEETF-EQ,CPSEETF,,-1,1,,NSE,1
17632,COMPINFO-EQ,COMPINFO,,-1,1,,NSE,5
11457,KOTAKNV20-EQ,KOTAKNV20,,-1,1,,NSE,1
19322,HISARMETAL-EQ,HISARMETAL,,-1,1,,NSE,5
2792,EASEMYTRIP-EQ,EASEMYTRIP,,-1,1,,NSE,5
5258,INDUSINDBK-EQ,INDUSINDBK,,-1,1,,NSE,5
4992,SHARDACROP-EQ,SHARDACROP,,-1,1,,NSE,5
2844,RANEHOLDIN-EQ,RANEHOLDIN,,-1,1,,NSE,5
17094,CROMPTON-EQ,CROMPTON,,-1,1,,NSE,5
11441,LICNETFSEN-EQ,LICNETFSEN,,-1,1,,NSE,1
13116,QUICKHEAL-EQ,QUICKHEAL,,-1,1,,NSE,5
2088,MAHSEAMLES-EQ,MAHSEAMLES,,-1,1,,NSE,5
2711,PRECOT-EQ,PRECOT,,-1,1,,NSE,5
2435,NETFCONSUM-EQ,NETFCONSUM,,-1,1,,NSE,1
8687,MUKTAARTS-EQ,MUKTAARTS,,-1,1,,NSE,5
4907,ENGINERSIN-EQ,ENGINERSIN,,-1,1,,NSE,5
426,BHARATGEAR-EQ,BHARATGEAR,,-1,1,,NSE,5
24292,VSTTILLERS-EQ,VSTTILLERS,,-1,1,,NSE,5
11309,BALAXI-EQ,BALAXI,,-1,1,,NSE,5
13826,SOBHA-EQ,SOBHA,,-1,1,,NSE,5
13688,GATI-EQ,GATI,,-1,1,,NSE,5
3024,JINDALSAW-EQ,JINDALSAW,,-1,1,,NSE,5
1053,UFLEX-EQ,UFLEX,,-1,1,,NSE,5
5748,CYIENT-EQ,CYIENT,,-1,1,,NSE,5
330,VALIANTORG-EQ,VALIANTORG,,-1,1,,NSE,5
11427,NDTV-EQ,NDTV,,-1,1,,NSE,5
20071,INTENTECH-EQ,INTENTECH,,-1,1,,NSE,5
21339,STEELXIND-EQ,STEELXIND,,-1,1,,NSE,5
7229,HCLTECH-EQ,HCLTECH,,-1,1,,NSE,5
14932,ISMTLTD-EQ,ISMTLTD,,-1,1,,NSE,5
9007,NOVARTIND-EQ,NOVARTIND,,-1,1,,NSE,5
14361,APOLLOPIPE-EQ,APOLLOPIPE,,-1,1,,NSE,5
3357,SUPERSPIN-EQ,SUPERSPIN,,-1,1,,NSE,5
19036,PODDARMENT-EQ,PODDARMENT,,-1,1,,NSE,5
16669,BAJAJ-AUTO-EQ,BAJAJ-AUTO,,-1,1,,NSE,5
17625,MOLDTECH-EQ,MOLDTECH,,-1,1,,NSE,5
15555,HCG-EQ,HCG,,-1,1,,NSE,5
1476,IDBI-EQ,IDBI,,-1,1,,NSE,5
14440,NAHARSPING-EQ,NAHARSPING,,-1,1,,NSE,5
3267,SREINFRA-EQ,SREINFRA,,-1,1,,NSE,5
10074,EMAMIPAP-EQ,EMAMIPAP,,-1,1,,NSE,5
21423,M100-EQ,M100,,-1,1,,NSE,1
16827,KOKUYOCMLN-EQ,KOKUYOCMLN,,-1,1,,NSE,5
1153,GLAXO-EQ,GLAXO,,-1,1,,NSE,5
2909,RICOAUTO-EQ,RICOAUTO,,-1,1,,NSE,5
13966,HBLPOWER-EQ,HBLPOWER,,-1,1,,NSE,5
1338,SDBL-EQ,SDBL,,-1,1,,NSE,5
13066,BRFL-EQ,BRFL,,-1,1,,NSE,5
1110,DANGEE-EQ,DANGEE,,-1,1,,NSE,5
2004,AHLADA-EQ,AHLADA,,-1,1,,NSE,5
25088,ASAHISONG-EQ,ASAHISONG,,-1,1,,NSE,5
17357,GKWLIMITED-EQ,GKWLIMITED,,-1,1,,NSE,5
881,DRREDDY-EQ,DRREDDY,,-1,1,,NSE,5
15419,DPSCLTD-EQ,DPSCLTD,,-1,1,,NSE,5
6353,MAN50ETF-EQ,MAN50ETF,,-1,1,,NSE,1
11634,SALSTEEL-EQ,SALSTEEL,,-1,1,,NSE,5
11606,GUFICBIO-EQ,GUFICBIO,,-1,1,,NSE,5
11705,XCHANGING-EQ,XCHANGING,,-1,1,,NSE,5
4838,ICICILIQ-EQ,ICICILIQ,,-1,1,,NSE,1
19585,BSE-EQ,BSE,,-1,1,,NSE,5
14511,BANSWRAS-EQ,BANSWRAS,,-1,1,,NSE,5
40,AEGISCHEM-EQ,AEGISCHEM,,-1,1,,NSE,5
13745,GTLINFRA-EQ,GTLINFRA,,-1,1,,NSE,5
25392,PANAMAPET-EQ,PANAMAPET,,-1,1,,NSE,5
29962,JUSTDIAL-EQ,JUSTDIAL,,-1,1,,NSE,5
20160,CANTABIL-EQ,CANTABIL,,-1,1,,NSE,5
714,SHALBY-EQ,SHALBY,,-1,1,,NSE,5
21113,BFINVEST-EQ,BFINVEST,,-1,1,,NSE,5
11618,ASTRAMICRO-EQ,ASTRAMICRO,,-1,1,,NSE,5
2627,KOTAKIT-EQ,KOTAKIT,,-1,1,,NSE,1
2963,SAIL-EQ,SAIL,,-1,1,,NSE,5
7919,BYKE-EQ,BYKE,,-1,1,,NSE,5
1247,GSFC-EQ,GSFC,,-1,1,,NSE,5
20616,SUPERHOUSE-EQ,SUPERHOUSE,,-1,1,,NSE,5
1720,JAYSREETEA-EQ,JAYSREETEA,,-1,1,,NSE,5
10285,AYMSYNTEX-EQ,AYMSYNTEX,,-1,1,,NSE,5
5475,GRSE-EQ,GRSE,,-1,1,,NSE,5
24532,FILATEX-EQ,FILATEX,,-1,1,,NSE,5
11782,EVEREADY-EQ,EVEREADY,,-1,1,,NSE,5
3327,SUDARSCHEM-EQ,SUDARSCHEM,,-1,1,,NSE,5
9939,ONEPOINT-EQ,ONEPOINT,,-1,1,,NSE,5
3918,NATCOPHARM-EQ,NATCOPHARM,,-1,1,,NSE,5
14828,WSI-EQ,WSI,,-1,1,,NSE,5
8825,PRIVISCL-EQ,PRIVISCL,,-1,1,,NSE,5
19599,PRAKASHSTL-EQ,PRAKASHSTL,,-1,1,,NSE,5
2043,RAMCOCEM-EQ,RAMCOCEM,,-1,1,,NSE,5
910,EICHERMOT-EQ,EICHERMOT,,-1,1,,NSE,5
436,IFGLEXPOR-EQ,IFGLEXPOR,,-1,1,,NSE,5
19410,ROSSARI-EQ,ROSSARI,,-1,1,,NSE,5
11880,JSWHL-EQ,JSWHL,,-1,1,,NSE,5
2294,MTNL-EQ,MTNL,,-1,1,,NSE,5
6429,RSSOFTWARE-EQ,RSSOFTWARE,,-1,1,,NSE,5
1660,ITC-EQ,ITC,,-1,1,,NSE,5
383,BEL-EQ,BEL,,-1,1,,NSE,5
21383,PALASHSECU-EQ,PALASHSECU,,-1,1,,NSE,5
2610,PEARLPOLY-EQ,PEARLPOLY,,-1,1,,NSE,5
21406,AVADHSUGAR-EQ,AVADHSUGAR,,-1,1,,NSE,5
11155,CREATIVE-EQ,CREATIVE,,-1,1,,NSE,5
3570,UCALFUEL-EQ,UCALFUEL,,-1,1,,NSE,5
17987,TRF-EQ,TRF,,-1,1,,NSE,5
368,BASF-EQ,BASF,,-1,1,,NSE,5
19543,HDFCMFGETF-EQ,HDFCMFGETF,,-1,1,,NSE,1
9348,IOB-EQ,IOB,,-1,1,,NSE,5
24595,RUSHIL-EQ,RUSHIL,,-1,1,,NSE,5
21174,CDSL-EQ,CDSL,,-1,1,,NSE,5
21131,TEJASNET-EQ,TEJASNET,,-1,1,,NSE,5
1270,AMBUJACEM-EQ,AMBUJACEM,,-1,1,,NSE,5
2912,RIIL-EQ,RIIL,,-1,1,,NSE,5
324,ANGELBRKG-EQ,ANGELBRKG,,-1,1,,NSE,5
4522,SIGIND-EQ,SIGIND,,-1,1,,NSE,5
1756,JINDALPOLY-EQ,JINDALPOLY,,-1,1,,NSE,5
3787,WIPRO-EQ,WIPRO,,-1,1,,NSE,5
4809,KCPSUGIND-EQ,KCPSUGIND,,-1,1,,NSE,5
25178,TDPOWERSYS-EQ,TDPOWERSYS,,-1,1,,NSE,5
1547,RKEC-EQ,RKEC,,-1,1,,NSE,5
14707,TIMETECHNO-EQ,TIMETECHNO,,-1,1,,NSE,5
2514,OSWALAGRO-EQ,OSWALAGRO,,-1,1,,NSE,5
1491,IFCI-EQ,IFCI,,-1,1,,NSE,5
17256,ALBERTDAVD-EQ,ALBERTDAVD,,-1,1,,NSE,5
20296,GAL-EQ,GAL,,-1,1,,NSE,5
3766,WHEELS-EQ,WHEELS,,-1,1,,NSE,5
2412,PEL-EQ,PEL,,-1,1,,NSE,5
11778,GOKEX-EQ,GOKEX,,-1,1,,NSE,5
1614,FAIRCHEMOR-EQ,FAIRCHEMOR,,-1,1,,NSE,5
18564,LTTS-EQ,LTTS,,-1,1,,NSE,5
10415,MUTHOOTCAP-EQ,MUTHOOTCAP,,-1,1,,NSE,5
18202,ARSSINFRA-EQ,ARSSINFRA,,-1,1,,NSE,5
13404,SUNTV-EQ,SUNTV,,-1,1,,NSE,5
3291,STARPAPER-EQ,STARPAPER,,-1,1,,NSE,5
24217,IVZINNIFTY-EQ,IVZINNIFTY,,-1,1,,NSE,1
4,21STCENMGM-EQ,21STCENMGM,,-1,1,,NSE,5
21726,MATRIMONY-EQ,MATRIMONY,,-1,1,,NSE,5
8652,VETO-EQ,VETO,,-1,1,,NSE,5
17704,QUESS-EQ,QUESS,,-1,1,,NSE,5
18208,ORIENTLTD-EQ,ORIENTLTD,,-1,1,,NSE,5
2716,BUTTERFLY-EQ,BUTTERFLY,,-1,1,,NSE,5
919,EIHOTEL-EQ,EIHOTEL,,-1,1,,NSE,5
21392,MAGADSUGAR-EQ,MAGADSUGAR,,-1,1,,NSE,5
4064,CUBEXTUB-EQ,CUBEXTUB,,-1,1,,NSE,5
10939,JUNIORBEES-EQ,JUNIORBEES,,-1,1,,NSE,1
14662,MCDHOLDING-EQ,MCDHOLDING,,-1,1,,NSE,5
13376,UTTAMSUGAR-EQ,UTTAMSUGAR,,-1,1,,NSE,5
15355,RECLTD-EQ,RECLTD,,-1,1,,NSE,5
34,ADORWELD-EQ,ADORWELD,,-1,1,,NSE,5
4157,KEYFINSERV-EQ,KEYFINSERV,,-1,1,,NSE,5
4172,TCNSBRANDS-EQ,TCNSBRANDS,,-1,1,,NSE,5
1923,WEALTH-EQ,WEALTH,,-1,1,,NSE,5
760,CGPOWER-EQ,CGPOWER,,-1,1,,NSE,5
3273,SRF-EQ,SRF,,-1,1,,NSE,5
3938,INDLMETER-EQ,INDLMETER,,-1,1,,NSE,5
21469,OPTIEMUS-EQ,OPTIEMUS,,-1,1,,NSE,5
11184,IDFCFIRSTB-EQ,IDFCFIRSTB,,-1,1,,NSE,5
24781,BSLNIFTY-EQ,BSLNIFTY,,-1,1,,NSE,1
255,NIRAJ-EQ,NIRAJ,,-1,1,,NSE,5
11892,VHL-EQ,VHL,,-1,1,,NSE,5
17181,MANXT50-EQ,MANXT50,,-1,1,,NSE,1
467,HDFCLIFE-EQ,HDFCLIFE,,-1,1,,NSE,5
21840,DIAMONDYD-EQ,DIAMONDYD,,-1,1,,NSE,5
3837,TOKYOPLAST-EQ,TOKYOPLAST,,-1,1,,NSE,5
2431,RAILTEL-EQ,RAILTEL,,-1,1,,NSE,5
11630,NTPC-EQ,NTPC,,-1,1,,NSE,5
8477,XELPMOC-EQ,XELPMOC,,-1,1,,NSE,5
13367,SGL-EQ,SGL,,-1,1,,NSE,5
12052,JUMPNET-EQ,JUMPNET,,-1,1,,NSE,5
15414,TWL-EQ,TWL,,-1,1,,NSE,5
522,ICICIB22-EQ,ICICIB22,,-1,1,,NSE,1
12231,OCCL-EQ,OCCL,,-1,1,,NSE,5
2664,PIDILITIND-EQ,PIDILITIND,,-1,1,,NSE,5
15360,NAHARCAP-EQ,NAHARCAP,,-1,1,,NSE,5
3432,TATACONSUM-EQ,TATACONSUM,,-1,1,,NSE,5
559,BSL-EQ,BSL,,-1,1,,NSE,5
14428,GOLDBEES-EQ,GOLDBEES,,-1,1,,NSE,1
7406,GLENMARK-EQ,GLENMARK,,-1,1,,NSE,5
4067,MARICO-EQ,MARICO,,-1,1,,NSE,5
11480,KRIDHANINF-EQ,KRIDHANINF,,-1,1,,NSE,5
4986,IRCON-EQ,IRCON,,-1,1,,NSE,5
1570,GMMPFAUDLR-EQ,GMMPFAUDLR,,-1,1,,NSE,5
15179,ECLERX-EQ,ECLERX,,-1,1,,NSE,5
17700,NETFLTGILT-EQ,NETFLTGILT,,-1,1,,NSE,1
2595,3PLAND-EQ,3PLAND,,-1,1,,NSE,5
17249,ABMINTLTD-EQ,ABMINTLTD,,-1,1,,NSE,5
16292,PANACHE-EQ,PANACHE,,-1,1,,NSE,5
17939,HINDCOPPER-EQ,HINDCOPPER,,-1,1,,NSE,5
5701,CUB-EQ,CUB,,-1,1,,NSE,5
25082,TREEHOUSE-EQ,TREEHOUSE,,-1,1,,NSE,5
14418,ASTRAL-EQ,ASTRAL,,-1,1,,NSE,5
10999,MARUTI-EQ,MARUTI,,-1,1,,NSE,5
3150,SIEMENS-EQ,SIEMENS,,-1,1,,NSE,5
11239,NSIL-EQ,NSIL,,-1,1,,NSE,5
1164,NEWGEN-EQ,NEWGEN,,-1,1,,NSE,5
14557,AROGRANITE-EQ,AROGRANITE,,-1,1,,NSE,5
5428,TRIGYN-EQ,TRIGYN,,-1,1,,NSE,5
14644,MIC-EQ,MIC,,-1,1,,NSE,5
7053,ACCELYA-EQ,ACCELYA,,-1,1,,NSE,5
193,ARVIND-EQ,ARVIND,,-1,1,,NSE,5
27161,CINELINE-EQ,CINELINE,,-1,1,,NSE,5
22233,DHUNINV-EQ,DHUNINV,,-1,1,,NSE,5
13491,JKLAKSHMI-EQ,JKLAKSHMI,,-1,1,,NSE,5
1805,KABRAEXTRU-EQ,KABRAEXTRU,,-1,1,,NSE,5
14339,GANESHHOUC-EQ,GANESHHOUC,,-1,1,,NSE,5
4503,MPHASIS-EQ,MPHASIS,,-1,1,,NSE,5
27095,SWANENERGY-EQ,SWANENERGY,,-1,1,,NSE,5
3237,JTEKTINDIA-EQ,JTEKTINDIA,,-1,1,,NSE,5
20906,A2ZINFRA-EQ,A2ZINFRA,,-1,1,,NSE,5
31258,NDL-EQ,NDL,,-1,1,,NSE,5
21254,ICICILOVOL-EQ,ICICILOVOL,,-1,1,,NSE,1
13920,PLASTIBLEN-EQ,PLASTIBLEN,,-1,1,,NSE,5
12148,VIKASPROP-EQ,VIKASPROP,,-1,1,,NSE,5
31475,ORBTEXP-EQ,ORBTEXP,,-1,1,,NSE,5
25718,POLYMED-EQ,POLYMED,,-1,1,,NSE,5
12603,PRECAM-EQ,PRECAM,,-1,1,,NSE,5
740,SBIETFIT-EQ,SBIETFIT,,-1,1,,NSE,1
822,BANKA-EQ,BANKA,,-1,1,,NSE,5
20188,WABAG-EQ,WABAG,,-1,1,,NSE,5
1507,G5-EQ,G5,,-1,1,,NSE,1
13457,KAMDHENU-EQ,KAMDHENU,,-1,1,,NSE,5
14260,PGIL-EQ,PGIL,,-1,1,,NSE,5
5622,ITDCEM-EQ,ITDCEM,,-1,1,,NSE,5
3880,SOMANYCERA-EQ,SOMANYCERA,,-1,1,,NSE,5
18931,SUNDARAM-EQ,SUNDARAM,,-1,1,,NSE,5
9685,TRIDENT-EQ,TRIDENT,,-1,1,,NSE,5
22,ACC-EQ,ACC,,-1,1,,NSE,5
21713,LASA-EQ,LASA,,-1,1,,NSE,5
19800,WELINV-EQ,WELINV,,-1,1,,NSE,5
619,CENTENKA-EQ,CENTENKA,,-1,1,,NSE,5
3103,SHREECEM-EQ,SHREECEM,,-1,1,,NSE,5
9819,HAVELLS-EQ,HAVELLS,,-1,1,,NSE,5
17851,DLINKINDIA-EQ,DLINKINDIA,,-1,1,,NSE,5
18895,JPINFRATEC-EQ,JPINFRATEC,,-1,1,,NSE,5
12022,AURIONPRO-EQ,AURIONPRO,,-1,1,,NSE,5
3563,ADANIGREEN-EQ,ADANIGREEN,,-1,1,,NSE,5
14592,FORTIS-EQ,FORTIS,,-1,1,,NSE,5
29113,CARERATING-EQ,CARERATING,,-1,1,,NSE,5
11407,XPROINDIA-EQ,XPROINDIA,,-1,1,,NSE,5
18118,THANGAMAYL-EQ,THANGAMAYL,,-1,1,,NSE,5
14154,MINDAIND-EQ,MINDAIND,,-1,1,,NSE,5
1328,MARINE-EQ,MARINE,,-1,1,,NSE,5
15883,SHIL-EQ,SHIL,,-1,1,,NSE,5
2018,LUMAXIND-EQ,LUMAXIND,,-1,1,,NSE,5
21478,UTINEXT50-EQ,UTINEXT50,,-1,1,,NSE,1
17364,VINATIORGA-EQ,VINATIORGA,,-1,1,,NSE,5
404,BERGEPAINT-EQ,BERGEPAINT,,-1,1,,NSE,5
13611,IRCTC-EQ,IRCTC,,-1,1,,NSE,5
3748,WEIZMANIND-EQ,WEIZMANIND,,-1,1,,NSE,5
583,CANFINHOME-EQ,CANFINHOME,,-1,1,,NSE,5
11253,WELSPUNIND-EQ,WELSPUNIND,,-1,1,,NSE,5
4963,ICICIBANK-EQ,ICICIBANK,,-1,1,,NSE,5
8054,KTKBANK-EQ,KTKBANK,,-1,1,,NSE,5
9641,KHANDSE-EQ,KHANDSE,,-1,1,,NSE,5
29577,NETFNIF100-EQ,NETFNIF100,,-1,1,,NSE,1
16249,INFIBEAM-EQ,INFIBEAM,,-1,1,,NSE,5
2031,M&M-EQ,M&M,,-1,1,,NSE,5
312,TIINDIA-EQ,TIINDIA,,-1,1,,NSE,5
3637,JUBLPHARMA-EQ,JUBLPHARMA,,-1,1,,NSE,5
10948,STCINDIA-EQ,STCINDIA,,-1,1,,NSE,5
1129,KEERTI-EQ,KEERTI,,-1,1,,NSE,5
1729,JBFIND-EQ,JBFIND,,-1,1,,NSE,5
14096,SIYSIL-EQ,SIYSIL,,-1,1,,NSE,5
15184,BRIGADE-EQ,BRIGADE,,-1,1,,NSE,5
6216,CAMLINFINE-EQ,CAMLINFINE,,-1,1,,NSE,5
15174,TRIL-EQ,TRIL,,-1,1,,NSE,5
744,FSC-EQ,FSC,,-1,1,,NSE,5
13987,ABSLBANETF-EQ,ABSLBANETF,,-1,1,,NSE,1
7862,GEPIL-EQ,GEPIL,,-1,1,,NSE,5
1156,GLFL-EQ,GLFL,,-1,1,,NSE,5
18679,HPL-EQ,HPL,,-1,1,,NSE,5
10557,NAVKARCORP-EQ,NAVKARCORP,,-1,1,,NSE,5
477,BIRLACABLE-EQ,BIRLACABLE,,-1,1,,NSE,5
17376,EXCEL-EQ,EXCEL,,-1,1,,NSE,5
19126,KIOCL-EQ,KIOCL,,-1,1,,NSE,5
18110,VASCONEQ-EQ,VASCONEQ,,-1,1,,NSE,5
3138,HONDAPOWER-EQ,HONDAPOWER,,-1,1,,NSE,5
21399,GANGESSECU-EQ,GANGESSECU,,-1,1,,NSE,5
20877,PSPPROJECT-EQ,PSPPROJECT,,-1,1,,NSE,5
6302,APOLSINHOT-EQ,APOLSINHOT,,-1,1,,NSE,5
20453,APCL-EQ,APCL,,-1,1,,NSE,5
11625,EBANK-EQ,EBANK,,-1,1,,NSE,1
9384,CREATIVEYE-EQ,CREATIVEYE,,-1,1,,NSE,5
2319,NCC-EQ,NCC,,-1,1,,NSE,5
148,ANSALAPI-EQ,ANSALAPI,,-1,1,,NSE,5
21001,PSB-EQ,PSB,,-1,1,,NSE,5
10238,CONFIPET-EQ,CONFIPET,,-1,1,,NSE,5
17486,EXPLEOSOL-EQ,EXPLEOSOL,,-1,1,,NSE,5
20080,EROSMEDIA-EQ,EROSMEDIA,,-1,1,,NSE,5
7936,AVANTIFEED-EQ,AVANTIFEED,,-1,1,,NSE,5
18431,BIGBLOC-EQ,BIGBLOC,,-1,1,,NSE,5
1949,KSB-EQ,KSB,,-1,1,,NSE,5
10406,STEELCITY-EQ,STEELCITY,,-1,1,,NSE,5
1512,INDHOTEL-EQ,INDHOTEL,,-1,1,,NSE,5
17722,DEN-EQ,DEN,,-1,1,,NSE,5
2029,IRFC-EQ,IRFC,,-1,1,,NSE,5
24924,ELGIRUBCO-EQ,ELGIRUBCO,,-1,1,,NSE,5
10637,OLECTRA-EQ,OLECTRA,,-1,1,,NSE,5
2859,RAYMOND-EQ,RAYMOND,,-1,1,,NSE,5
13796,MANALIPETC-EQ,MANALIPETC,,-1,1,,NSE,5
20778,JAMNAAUTO-EQ,JAMNAAUTO,,-1,1,,NSE,5
2918,ROLTA-EQ,ROLTA,,-1,1,,NSE,5
9168,UTISXN50-EQ,UTISXN50,,-1,1,,NSE,1
3834,BHARATRAS-EQ,BHARATRAS,,-1,1,,NSE,5
13501,ALLCARGO-EQ,ALLCARGO,,-1,1,,NSE,5
14106,AUTOIND-EQ,AUTOIND,,-1,1,,NSE,5
4771,TCIFINANCE-EQ,TCIFINANCE,,-1,1,,NSE,5
18214,TEXMOPIPES-EQ,TEXMOPIPES,,-1,1,,NSE,5
25468,PAISALO-EQ,PAISALO,,-1,1,,NSE,5
8479,TVSMOTOR-EQ,TVSMOTOR,,-1,1,,NSE,5
19292,TERASOFT-EQ,TERASOFT,,-1,1,,NSE,5
20086,CAREERP-EQ,CAREERP,,-1,1,,NSE,5
10925,GODREJIND-EQ,GODREJIND,,-1,1,,NSE,5
2109,MANGTIMBER-EQ,MANGTIMBER,,-1,1,,NSE,5
592,GRAPHITE-EQ,GRAPHITE,,-1,1,,NSE,5
896,KHAICHEM-EQ,KHAICHEM,,-1,1,,NSE,5
2496,ORIENTPPR-EQ,ORIENTPPR,,-1,1,,NSE,5
157,APOLLOHOSP-EQ,APOLLOHOSP,,-1,1,,NSE,5
21951,HFCL-EQ,HFCL,,-1,1,,NSE,5
9668,HIKAL-EQ,HIKAL,,-1,1,,NSE,5
471,BINDALAGRO-EQ,BINDALAGRO,,-1,1,,NSE,5
15342,SHALPAINTS-EQ,SHALPAINTS,,-1,1,,NSE,5
21541,JUBLINDS-EQ,JUBLINDS,,-1,1,,NSE,5
9539,SAKAR-EQ,SAKAR,,-1,1,,NSE,5
981,EPL-EQ,EPL,,-1,1,,NSE,5
14218,CTE-EQ,CTE,,-1,1,,NSE,5
17052,HARITASEAT-EQ,HARITASEAT,,-1,1,,NSE,5
14535,GOLDSHARE-EQ,GOLDSHARE,,-1,1,,NSE,5
10099,GODREJCP-EQ,GODREJCP,,-1,1,,NSE,5
9385,PNCINFRA-EQ,PNCINFRA,,-1,1,,NSE,5
2535,PGHH-EQ,PGHH,,-1,1,,NSE,5
21551,SMSLIFE-EQ,SMSLIFE,,-1,1,,NSE,5
19084,NETFIT-EQ,NETFIT,,-1,1,,NSE,1
19223,TCIEXP-EQ,TCIEXP,,-1,1,,NSE,5
9847,NETFNV20-EQ,NETFNV20,,-1,1,,NSE,1
6062,LICNETFGSC-EQ,LICNETFGSC,,-1,1,,NSE,1
20760,RPPINFRA-EQ,RPPINFRA,,-1,1,,NSE,5
11226,BAGFILMS-EQ,BAGFILMS,,-1,1,,NSE,5
425,KHADIM-EQ,KHADIM,,-1,1,,NSE,5
1186,GLAND-EQ,GLAND,,-1,1,,NSE,5
25897,MINDACORP-EQ,MINDACORP,,-1,1,,NSE,5
3384,SWARAJENG-EQ,SWARAJENG,,-1,1,,NSE,5
3321,SPMLINFRA-EQ,SPMLINFRA,,-1,1,,NSE,5
2259,MOREPENLAB-EQ,MOREPENLAB,,-1,1,,NSE,5
13528,GMRINFRA-EQ,GMRINFRA,,-1,1,,NSE,5
14977,POWERGRID-EQ,POWERGRID,,-1,1,,NSE,5
4344,PUNJABCHEM-EQ,PUNJABCHEM,,-1,1,,NSE,5
5204,GMDCLTD-EQ,GMDCLTD,,-1,1,,NSE,5
5688,ARCHIES-EQ,ARCHIES,,-1,1,,NSE,5
3980,TNPL-EQ,TNPL,,-1,1,,NSE,5
16959,ALKALI-EQ,ALKALI,,-1,1,,NSE,5
15239,BIRLAMONEY-EQ,BIRLAMONEY,,-1,1,,NSE,5
21275,SUMMITSEC-EQ,SUMMITSEC,,-1,1,,NSE,5
1521,INDIAGLYCO-EQ,INDIAGLYCO,,-1,1,,NSE,5
14086,IGPL-EQ,IGPL,,-1,1,,NSE,5
2472,OILCOUNTUB-EQ,OILCOUNTUB,,-1,1,,NSE,5
2142,MFSL-EQ,MFSL,,-1,1,,NSE,5
18102,KOTAKNIFTY-EQ,KOTAKNIFTY,,-1,1,,NSE,1
3417,HONAUT-EQ,HONAUT,,-1,1,,NSE,5
916,EIDPARRY-EQ,EIDPARRY,,-1,1,,NSE,5
20825,HUDCO-EQ,HUDCO,,-1,1,,NSE,5
14927,SRIPIPES-EQ,SRIPIPES,,-1,1,,NSE,5
11983,SASKEN-EQ,SASKEN,,-1,1,,NSE,5
15362,VGUARD-EQ,VGUARD,,-1,1,,NSE,5
14296,SEQUENT-EQ,SEQUENT,,-1,1,,NSE,5
23452,TCIDEVELOP-EQ,TCIDEVELOP,,-1,1,,NSE,5
1628,BECTORFOOD-EQ,BECTORFOOD,,-1,1,,NSE,5
3423,TATAMETALI-EQ,TATAMETALI,,-1,1,,NSE,5
21091,STARCEMENT-EQ,STARCEMENT,,-1,1,,NSE,5
1127,GHCL-EQ,GHCL,,-1,1,,NSE,5
13192,ENIL-EQ,ENIL,,-1,1,,NSE,5
22415,LOVABLE-EQ,LOVABLE,,-1,1,,NSE,5
1415,GLOBAL-EQ,GLOBAL,,-1,1,,NSE,5
1442,SANOFI-EQ,SANOFI,,-1,1,,NSE,5
11446,SPICEJET-EQ,SPICEJET,,-1,1,,NSE,5
338,BALMLAWRIE-EQ,BALMLAWRIE,,-1,1,,NSE,5
10243,SYNGENE-EQ,SYNGENE,,-1,1,,NSE,5
4279,DENORA-EQ,DENORA,,-1,1,,NSE,5
29050,ZUARI-EQ,ZUARI,,-1,1,,NSE,5
1205,GOODYEAR-EQ,GOODYEAR,,-1,1,,NSE,5
21501,SIS-EQ,SIS,,-1,1,,NSE,5
21362,SALASAR-EQ,SALASAR,,-1,1,,NSE,5
2709,MTARTECH-EQ,MTARTECH,,-1,1,,NSE,5
15017,MAANALU-EQ,MAANALU,,-1,1,,NSE,5
18292,IVZINGOLD-EQ,IVZINGOLD,,-1,1,,NSE,5
13786,TORNTPOWER-EQ,TORNTPOWER,,-1,1,,NSE,5
12847,KRISHANA-EQ,KRISHANA,,-1,1,,NSE,5
20302,PRESTIGE-EQ,PRESTIGE,,-1,1,,NSE,5
24538,MAITHANALL-EQ,MAITHANALL,,-1,1,,NSE,5
2183,SUNDARMHLD-EQ,SUNDARMHLD,,-1,1,,NSE,5
14602,WEBELSOLAR-EQ,WEBELSOLAR,,-1,1,,NSE,5
5633,J&KBANK-EQ,J&KBANK,,-1,1,,NSE,5
8311,BLUESTARCO-EQ,BLUESTARCO,,-1,1,,NSE,5
955,ESABINDIA-EQ,ESABINDIA,,-1,1,,NSE,5
2283,MRPL-EQ,MRPL,,-1,1,,NSE,5
15056,SABTN-EQ,SABTN,,-1,1,,NSE,5
17022,MAWANASUG-EQ,MAWANASUG,,-1,1,,NSE,5
9897,AIRAN-EQ,AIRAN,,-1,1,,NSE,5
1162,GTL-EQ,GTL,,-1,1,,NSE,5
11287,UPL-EQ,UPL,,-1,1,,NSE,5
3824,ZODJRDMKJ-EQ,ZODJRDMKJ,,-1,1,,NSE,5
29553,ICICINIFTY-EQ,ICICINIFTY,,-1,1,,NSE,1
14607,TGBHOTELS-EQ,TGBHOTELS,,-1,1,,NSE,5
11140,SUMIT-EQ,SUMIT,,-1,1,,NSE,5
1581,TARC-EQ,TARC,,-1,1,,NSE,5
17424,GLOBUSSPR-EQ,GLOBUSSPR,,-1,1,,NSE,5
13221,INOXLEISUR-EQ,INOXLEISUR,,-1,1,,NSE,5
6600,GENUSPAPER-EQ,GENUSPAPER,,-1,1,,NSE,5
10618,SADBHIN-EQ,SADBHIN,,-1,1,,NSE,5
30023,ATULAUTO-EQ,ATULAUTO,,-1,1,,NSE,5
13875,JINDRILL-EQ,JINDRILL,,-1,1,,NSE,5
14485,THEMISMED-EQ,THEMISMED,,-1,1,,NSE,5
14612,SIMBHALS-EQ,SIMBHALS,,-1,1,,NSE,5
14403,RAJTV-EQ,RAJTV,,-1,1,,NSE,5
17758,SARDAEN-EQ,SARDAEN,,-1,1,,NSE,5
13560,GRINDWELL-EQ,GRINDWELL,,-1,1,,NSE,5
2589,PATSPINLTD-EQ,PATSPINLTD,,-1,1,,NSE,5
11580,WESTLIFE-EQ,WESTLIFE,,-1,1,,NSE,5
9683,KPITTECH-EQ,KPITTECH,,-1,1,,NSE,5
1919,KOPRAN-EQ,KOPRAN,,-1,1,,NSE,5
11351,PETRONET-EQ,PETRONET,,-1,1,,NSE,5
15039,CERA-EQ,CERA,,-1,1,,NSE,5
2816,RALLIS-EQ,RALLIS,,-1,1,,NSE,5
22440,UTIBANKETF-EQ,UTIBANKETF,,-1,1,,NSE,1
17044,SHARIABEES-EQ,SHARIABEES,,-1,1,,NSE,1
31138,COMPUSOFT-EQ,COMPUSOFT,,-1,1,,NSE,5
25023,GAYAPROJ-EQ,GAYAPROJ,,-1,1,,NSE,5
1937,KREBSBIO-EQ,KREBSBIO,,-1,1,,NSE,5
12018,SUZLON-EQ,SUZLON,,-1,1,,NSE,5
489,ICEMAKE-EQ,ICEMAKE,,-1,1,,NSE,5
2406,NEULANDLAB-EQ,NEULANDLAB,,-1,1,,NSE,5
1406,HINDPETRO-EQ,HINDPETRO,,-1,1,,NSE,5
30125,IBULHSGFIN-EQ,IBULHSGFIN,,-1,1,,NSE,5
1073,FOSECOIND-EQ,FOSECOIND,,-1,1,,NSE,5
2303,HAL-EQ,HAL,,-1,1,,NSE,5
11957,IDFC-EQ,IDFC,,-1,1,,NSE,5
21508,COCHINSHIP-EQ,COCHINSHIP,,-1,1,,NSE,5
11813,SHOPERSTOP-EQ,SHOPERSTOP,,-1,1,,NSE,5
13091,EKC-EQ,EKC,,-1,1,,NSE,5
15384,DHANI-EQ,DHANI,,-1,1,,NSE,5
16719,ALMONDZ-EQ,ALMONDZ,,-1,1,,NSE,5
11829,SSWL-EQ,SSWL,,-1,1,,NSE,5
17742,BAFNAPH-EQ,BAFNAPH,,-1,1,,NSE,5
18457,POWERINDIA-EQ,POWERINDIA,,-1,1,,NSE,5
11905,GENUSPOWER-EQ,GENUSPOWER,,-1,1,,NSE,5
385,MAHLOG-EQ,MAHLOG,,-1,1,,NSE,5
3987,GREENPLY-EQ,GREENPLY,,-1,1,,NSE,5
11731,CONSOFINVT-EQ,CONSOFINVT,,-1,1,,NSE,5
3908,PREMIERPOL-EQ,PREMIERPOL,,-1,1,,NSE,5
24948,L&TFH-EQ,L&TFH,,-1,1,,NSE,5
11798,ALLSEC-EQ,ALLSEC,,-1,1,,NSE,5
827,DEEPAKFERT-EQ,DEEPAKFERT,,-1,1,,NSE,5
3088,INDOSTAR-EQ,INDOSTAR,,-1,1,,NSE,5
11581,GULFPETRO-EQ,GULFPETRO,,-1,1,,NSE,5
11006,LIQUIDBEES-EQ,LIQUIDBEES,,-1,1,,NSE,1
3546,TTKPRESTIG-EQ,TTKPRESTIG,,-1,1,,NSE,5
7553,NRBBEARING-EQ,NRBBEARING,,-1,1,,NSE,5
3646,VARDMNPOLY-EQ,VARDMNPOLY,,-1,1,,NSE,5
18783,IDFNIFTYET-EQ,IDFNIFTYET,,-1,1,,NSE,1
14912,KPRMILL-EQ,KPRMILL,,-1,1,,NSE,5
11271,DREDGECORP-EQ,DREDGECORP,,-1,1,,NSE,5
24190,SYMPHONY-EQ,SYMPHONY,,-1,1,,NSE,5
2263,BANDHANBNK-EQ,BANDHANBNK,,-1,1,,NSE,5
17547,AMRUTANJAN-EQ,AMRUTANJAN,,-1,1,,NSE,5
22365,ICICITECH-EQ,ICICITECH,,-1,1,,NSE,1
11325,MUKANDLTD-EQ,MUKANDLTD,,-1,1,,NSE,5
24870,INVENTURE-EQ,INVENTURE,,-1,1,,NSE,5
12009,IMPAL-EQ,IMPAL,,-1,1,,NSE,5
2598,AMJLAND-EQ,AMJLAND,,-1,1,,NSE,5
16927,JOCIL-EQ,JOCIL,,-1,1,,NSE,5
16915,WABCOINDIA-EQ,WABCOINDIA,,-1,1,,NSE,5
1145,GIPCL-EQ,GIPCL,,-1,1,,NSE,5
21770,ICICIGI-EQ,ICICIGI,,-1,1,,NSE,5
30392,ICICINF100-EQ,ICICINF100,,-1,1,,NSE,1
4014,NBVENTURES-EQ,NBVENTURES,,-1,1,,NSE,5
2885,RELIANCE-EQ,RELIANCE,,-1,1,,NSE,5
341,BALRAMCHIN-EQ,BALRAMCHIN,,-1,1,,NSE,5
7218,SBIETFQLTY-EQ,SBIETFQLTY,,-1,1,,NSE,1
13072,IIFLSEC-EQ,IIFLSEC,,-1,1,,NSE,5
445,5PAISA-EQ,5PAISA,,-1,1,,NSE,5
15259,RPOWER-EQ,RPOWER,,-1,1,,NSE,5
480,BIRLACORPN-EQ,BIRLACORPN,,-1,1,,NSE,5
17764,REFEX-EQ,REFEX,,-1,1,,NSE,5
628,CESC-EQ,CESC,,-1,1,,NSE,5
13147,PVR-EQ,PVR,,-1,1,,NSE,5
11423,DATAMATICS-EQ,DATAMATICS,,-1,1,,NSE,5
17534,MGL-EQ,MGL,,-1,1,,NSE,5
2705,PRAJIND-EQ,PRAJIND,,-1,1,,NSE,5
15330,QGOLDHALF-EQ,QGOLDHALF,,-1,1,,NSE,5
6994,BSOFT-EQ,BSOFT,,-1,1,,NSE,5
3484,TIL-EQ,TIL,,-1,1,,NSE,5
14712,HGS-EQ,HGS,,-1,1,,NSE,5
15347,GSS-EQ,GSS,,-1,1,,NSE,5
15151,MADHAV-EQ,MADHAV,,-1,1,,NSE,5
17400,NHPC-EQ,NHPC,,-1,1,,NSE,5
19401,BOROLTD-EQ,BOROLTD,,-1,1,,NSE,5
15283,KNRCON-EQ,KNRCON,,-1,1,,NSE,5
1214,DELTAMAGNT-EQ,DELTAMAGNT,,-1,1,,NSE,5
4041,JAYAGROGN-EQ,JAYAGROGN,,-1,1,,NSE,5
9889,SMARTLINK-EQ,SMARTLINK,,-1,1,,NSE,5
17032,THYROCARE-EQ,THYROCARE,,-1,1,,NSE,5
305,BAJAJHLDNG-EQ,BAJAJHLDNG,,-1,1,,NSE,5
10511,UTINIFTETF-EQ,UTINIFTETF,,-1,1,,NSE,1
28952,DUCON-EQ,DUCON,,-1,1,,NSE,5
18944,KINGFA-EQ,KINGFA,,-1,1,,NSE,5
17307,AJMERA-EQ,AJMERA,,-1,1,,NSE,5
20374,COALINDIA-EQ,COALINDIA,,-1,1,,NSE,5
18391,RBLBANK-EQ,RBLBANK,,-1,1,,NSE,5
17507,ADHUNIKIND-EQ,ADHUNIKIND,,-1,1,,NSE,5
1530,INDIANHUME-EQ,INDIANHUME,,-1,1,,NSE,5
2144,BDL-EQ,BDL,,-1,1,,NSE,5
11840,NH-EQ,NH,,-1,1,,NSE,5
11386,ICICIBANKP-EQ,ICICIBANKP,,-1,1,,NSE,1
2614,HERANBA-EQ,HERANBA,,-1,1,,NSE,5
10,ABAN-EQ,ABAN,,-1,1,,NSE,5
19205,TMRVL-EQ,TMRVL,,-1,1,,NSE,5
722,SBIETFPB-EQ,SBIETFPB,,-1,1,,NSE,1
10700,SURANAT&P-EQ,SURANAT&P,,-1,1,,NSE,5
4055,PANACEABIO-EQ,PANACEABIO,,-1,1,,NSE,5
11032,SANGINITA-EQ,SANGINITA,,-1,1,,NSE,5
9576,MAHESHWARI-EQ,MAHESHWARI,,-1,1,,NSE,5
17279,BLS-EQ,BLS,,-1,1,,NSE,5
23804,BSLGOLDETF-EQ,BSLGOLDETF,,-1,1,,NSE,5
9111,ARVINDFASN-EQ,ARVINDFASN,,-1,1,,NSE,5
3360,SUPPETRO-EQ,SUPPETRO,,-1,1,,NSE,5
13821,RUCHIRA-EQ,RUCHIRA,,-1,1,,NSE,5
10768,OAL-EQ,OAL,,-1,1,,NSE,5
6596,SONATSOFTW-EQ,SONATSOFTW,,-1,1,,NSE,5
12489,SWSOLAR-EQ,SWSOLAR,,-1,1,,NSE,5
527,UTIAMC-EQ,UTIAMC,,-1,1,,NSE,5
2421,NILKAMAL-EQ,NILKAMAL,,-1,1,,NSE,5
3351,SUNPHARMA-EQ,SUNPHARMA,,-1,1,,NSE,5
3348,SUNFLAG-EQ,SUNFLAG,,-1,1,,NSE,5
20063,SASTASUNDR-EQ,SASTASUNDR,,-1,1,,NSE,5
357,NAM-INDIA-EQ,NAM-INDIA,,-1,1,,NSE,5
5926,INTELLECT-EQ,INTELLECT,,-1,1,,NSE,5
1515,INDIACEM-EQ,INDIACEM,,-1,1,,NSE,5
11794,SAKSOFT-EQ,SAKSOFT,,-1,1,,NSE,5
3066,SESHAPAPER-EQ,SESHAPAPER,,-1,1,,NSE,5
18992,PIONDIST-EQ,PIONDIST,,-1,1,,NSE,5
1100,GARFIBRES-EQ,GARFIBRES,,-1,1,,NSE,5
25328,APLLTD-EQ,APLLTD,,-1,1,,NSE,5
31468,LYPSAGEMS-EQ,LYPSAGEMS,,-1,1,,NSE,5
3149,BORORENEW-EQ,BORORENEW,,-1,1,,NSE,5
17933,BEARDSELL-EQ,BEARDSELL,,-1,1,,NSE,5
2350,NURECA-EQ,NURECA,,-1,1,,NSE,5
9309,STLTECH-EQ,STLTECH,,-1,1,,NSE,5
7109,JMA-EQ,JMA,,-1,1,,NSE,5
4410,JAGSNPHARM-EQ,JAGSNPHARM,,-1,1,,NSE,5
31409,MTEDUCARE-EQ,MTEDUCARE,,-1,1,,NSE,5
12716,TEAMLEASE-EQ,TEAMLEASE,,-1,1,,NSE,5
724,TATACOFFEE-EQ,TATACOFFEE,,-1,1,,NSE,5
18086,DBL-EQ,DBL,,-1,1,,NSE,5
11763,JPPOWER-EQ,JPPOWER,,-1,1,,NSE,5
2316,HEIDELBERG-EQ,HEIDELBERG,,-1,1,,NSE,5
12304,JSLHISAR-EQ,JSLHISAR,,-1,1,,NSE,5
3688,VIKASWSP-EQ,VIKASWSP,,-1,1,,NSE,5
2708,PRAKASH-EQ,PRAKASH,,-1,1,,NSE,5
10579,MARKSANS-EQ,MARKSANS,,-1,1,,NSE,5
3724,VSTIND-EQ,VSTIND,,-1,1,,NSE,5
1663,ATFL-EQ,ATFL,,-1,1,,NSE,5
13106,NAHARINDUS-EQ,NAHARINDUS,,-1,1,,NSE,5
2073,VTL-EQ,VTL,,-1,1,,NSE,5
18244,DEEPENR-EQ,DEEPENR,,-1,1,,NSE,5
13352,MALUPAPER-EQ,MALUPAPER,,-1,1,,NSE,5
4529,ICICINXT50-EQ,ICICINXT50,,-1,1,,NSE,1
874,ASTRON-EQ,ASTRON,,-1,1,,NSE,5
11403,MAGMA-EQ,MAGMA,,-1,1,,NSE,5
395,BEML-EQ,BEML,,-1,1,,NSE,5
17152,ICICIM150-EQ,ICICIM150,,-1,1,,NSE,1
2489,ISEC-EQ,ISEC,,-1,1,,NSE,5
2124,MASTEK-EQ,MASTEK,,-1,1,,NSE,5
14068,SAGCEM-EQ,SAGCEM,,-1,1,,NSE,5
1997,LICHSGFIN-EQ,LICHSGFIN,,-1,1,,NSE,5
14672,NAVINFLUOR-EQ,NAVINFLUOR,,-1,1,,NSE,5
3002,WONDERLA-EQ,WONDERLA,,-1,1,,NSE,5
14793,MEGASOFT-EQ,MEGASOFT,,-1,1,,NSE,5
22602,PFS-EQ,PFS,,-1,1,,NSE,5
6286,GULPOLY-EQ,GULPOLY,,-1,1,,NSE,5
13859,VENUSREM-EQ,VENUSREM,,-1,1,,NSE,5
1838,KARURVYSYA-EQ,KARURVYSYA,,-1,1,,NSE,5
9647,BSELINFRA-EQ,BSELINFRA,,-1,1,,NSE,5
19061,MANAPPURAM-EQ,MANAPPURAM,,-1,1,,NSE,5
2643,PFIZER-EQ,PFIZER,,-1,1,,NSE,5
20950,RKDL-EQ,RKDL,,-1,1,,NSE,5
2385,NAVNETEDUL-EQ,NAVNETEDUL,,-1,1,,NSE,5
14019,TIDEWATER-EQ,TIDEWATER,,-1,1,,NSE,5
14858,KOTAKGOLD-EQ,KOTAKGOLD,,-1,1,,NSE,5
11975,RML-EQ,RML,,-1,1,,NSE,5
11909,SWELECTES-EQ,SWELECTES,,-1,1,,NSE,5
2687,POLYPLEX-EQ,POLYPLEX,,-1,1,,NSE,5
1808,KAJARIACER-EQ,KAJARIACER,,-1,1,,NSE,5
6125,GOODLUCK-EQ,GOODLUCK,,-1,1,,NSE,5
6445,TECHNOE-EQ,TECHNOE,,-1,1,,NSE,5
17702,ICICIMCAP-EQ,ICICIMCAP,,-1,1,,NSE,1
11817,MANGALAM-EQ,MANGALAM,,-1,1,,NSE,5
13572,MANUGRAPH-EQ,MANUGRAPH,,-1,1,,NSE,5
7,AARTIIND-EQ,AARTIIND,,-1,1,,NSE,5
14356,MINDTREE-EQ,MINDTREE,,-1,1,,NSE,5
1375,HCC-EQ,HCC,,-1,1,,NSE,5
15034,BAJAJELEC-EQ,BAJAJELEC,,-1,1,,NSE,5
447,TATASTLBSL-EQ,TATASTLBSL,,-1,1,,NSE,5
20321,SHANKARA-EQ,SHANKARA,,-1,1,,NSE,5
11072,AGRITECH-EQ,AGRITECH,,-1,1,,NSE,5
3757,VENKEYS-EQ,VENKEYS,,-1,1,,NSE,5
20072,INFRABEES-EQ,INFRABEES,,-1,1,,NSE,1
1142,GINNIFILA-EQ,GINNIFILA,,-1,1,,NSE,5
17691,VIJIFIN-EQ,VIJIFIN,,-1,1,,NSE,5
13236,SADBHAV-EQ,SADBHAV,,-1,1,,NSE,5
6782,NIPPOBATRY-EQ,NIPPOBATRY,,-1,1,,NSE,5
7506,WOCKPHARMA-EQ,WOCKPHARMA,,-1,1,,NSE,5
8024,CINEVISTA-EQ,CINEVISTA,,-1,1,,NSE,5
6951,LINCPEN-EQ,LINCPEN,,-1,1,,NSE,5
2513,BCLIND-EQ,BCLIND,,-1,1,,NSE,5
4235,WENDT-EQ,WENDT,,-1,1,,NSE,5
14766,V2RETAIL-EQ,V2RETAIL,,-1,1,,NSE,5
1181,GODFRYPHLP-EQ,GODFRYPHLP,,-1,1,,NSE,5
14008,AVTNPL-EQ,AVTNPL,,-1,1,,NSE,5
19233,AARTISURF-EQ,AARTISURF,,-1,1,,NSE,5
31181,MCX-EQ,MCX,,-1,1,,NSE,5
10453,SATIN-EQ,SATIN,,-1,1,,NSE,5
24409,DHANUKA-EQ,DHANUKA,,-1,1,,NSE,5
495,BLUEDART-EQ,BLUEDART,,-1,1,,NSE,5
19731,GPPL-EQ,GPPL,,-1,1,,NSE,5
17641,SUNTECK-EQ,SUNTECK,,-1,1,,NSE,5
11943,MCLEODRUSS-EQ,MCLEODRUSS,,-1,1,,NSE,5
25017,BODALCHEM-EQ,BODALCHEM,,-1,1,,NSE,5
13656,ALICON-EQ,ALICON,,-1,1,,NSE,5
1639,TATASTLLP-EQ,TATASTLLP,,-1,1,,NSE,5
18284,HNGSNGBEES-EQ,HNGSNGBEES,,-1,1,,NSE,1
14003,ZEEMEDIA-EQ,ZEEMEDIA,,-1,1,,NSE,5
2717,PRECWIRE-EQ,PRECWIRE,,-1,1,,NSE,5
19761,ADFFOODS-EQ,ADFFOODS,,-1,1,,NSE,5
11573,FORCEMOT-EQ,FORCEMOT,,-1,1,,NSE,5
29124,PCJEWELLER-EQ,PCJEWELLER,,-1,1,,NSE,5
10516,FEL-EQ,FEL,,-1,1,,NSE,5
11919,MSPL-EQ,MSPL,,-1,1,,NSE,5
201,UNIDT-EQ,UNIDT,,-1,1,,NSE,5
100,AMARAJABAT-EQ,AMARAJABAT,,-1,1,,NSE,5
3426,TATAPOWER-EQ,TATAPOWER,,-1,1,,NSE,5
13126,REPRO-EQ,REPRO,,-1,1,,NSE,5
11543,COFORGE-EQ,COFORGE,,-1,1,,NSE,5
16222,EBBETF0423-EQ,EBBETF0423,,-1,1,,NSE,1
9342,PNC-EQ,PNC,,-1,1,,NSE,5
5851,KOTAKBKETF-EQ,KOTAKBKETF,,-1,1,,NSE,1
11739,SHRIRAMCIT-EQ,SHRIRAMCIT,,-1,1,,NSE,5
29135,INDUSTOWER-EQ,INDUSTOWER,,-1,1,,NSE,5
13035,SAFARI-EQ,SAFARI,,-1,1,,NSE,5
11735,GDL-EQ,GDL,,-1,1,,NSE,5
18252,SPAL-EQ,SPAL,,-1,1,,NSE,5
14346,ORIENTALTL-EQ,ORIENTALTL,,-1,1,,NSE,5
1467,AKZOINDIA-EQ,AKZOINDIA,,-1,1,,NSE,5
2739,PRSMJOHNSN-EQ,PRSMJOHNSN,,-1,1,,NSE,5
19438,AHLEAST-EQ,AHLEAST,,-1,1,,NSE,5
13300,NITCO-EQ,NITCO,,-1,1,,NSE,5
595,CARBORUNIV-EQ,CARBORUNIV,,-1,1,,NSE,5
4433,HITECHGEAR-EQ,HITECHGEAR,,-1,1,,NSE,5
13,ABB-EQ,ABB,,-1,1,,NSE,5
2107,STOVEKRAFT-EQ,STOVEKRAFT,,-1,1,,NSE,5
13310,KEI-EQ,KEI,,-1,1,,NSE,5
11027,INFOBEAN-EQ,INFOBEAN,,-1,1,,NSE,5
20425,NACLIND-EQ,NACLIND,,-1,1,,NSE,5
163,APOLLOTYRE-EQ,APOLLOTYRE,,-1,1,,NSE,5
715,CLNINDIA-EQ,CLNINDIA,,-1,1,,NSE,5
14552,PHOENIXLTD-EQ,PHOENIXLTD,,-1,1,,NSE,5
11491,APARINDS-EQ,APARINDS,,-1,1,,NSE,5
13844,MMFL-EQ,MMFL,,-1,1,,NSE,5
18659,MARATHON-EQ,MARATHON,,-1,1,,NSE,5
4481,AARTIDRUGS-EQ,AARTIDRUGS,,-1,1,,NSE,5
530,BPL-EQ,BPL,,-1,1,,NSE,5
4204,MOTHERSUMI-EQ,MOTHERSUMI,,-1,1,,NSE,5
28906,MAYURUNIQ-EQ,MAYURUNIQ,,-1,1,,NSE,5
16875,SICAGEN-EQ,SICAGEN,,-1,1,,NSE,5
17130,PARAGMILK-EQ,PARAGMILK,,-1,1,,NSE,5
8124,AJANTPHARM-EQ,AJANTPHARM,,-1,1,,NSE,5
578,LIKHITHA-EQ,LIKHITHA,,-1,1,,NSE,5
13473,GTNTEX-EQ,GTNTEX,,-1,1,,NSE,5
13295,VISASTEEL-EQ,VISASTEEL,,-1,1,,NSE,5
18422,ASIANHOTNR-EQ,ASIANHOTNR,,-1,1,,NSE,5
15337,RAIN-EQ,RAIN,,-1,1,,NSE,5
9356,MSTCLTD-EQ,MSTCLTD,,-1,1,,NSE,5
2492,SILGO-EQ,SILGO,,-1,1,,NSE,5
19049,SANCO-EQ,SANCO,,-1,1,,NSE,5
181,ARENTERP-EQ,ARENTERP,,-1,1,,NSE,5
18226,MANINFRA-EQ,MANINFRA,,-1,1,,NSE,5
13592,HOVS-EQ,HOVS,,-1,1,,NSE,5
8771,MEP-EQ,MEP,,-1,1,,NSE,5
11439,BANKBEES-EQ,BANKBEES,,-1,1,,NSE,1
25690,DSSL-EQ,DSSL,,-1,1,,NSE,5
9867,NEXTMEDIA-EQ,NEXTMEDIA,,-1,1,,NSE,5
20242,OBEROIRLTY-EQ,OBEROIRLTY,,-1,1,,NSE,5
1085,GABRIEL-EQ,GABRIEL,,-1,1,,NSE,5
17603,MAHEPC-EQ,MAHEPC,,-1,1,,NSE,5
11821,WELCORP-EQ,WELCORP,,-1,1,,NSE,5
13175,NITINSPIN-EQ,NITINSPIN,,-1,1,,NSE,5
18571,GNA-EQ,GNA,,-1,1,,NSE,5
5068,SHEMAROO-EQ,SHEMAROO,,-1,1,,NSE,5
14745,ADVANIHOTR-EQ,ADVANIHOTR,,-1,1,,NSE,5
993,EVERESTIND-EQ,EVERESTIND,,-1,1,,NSE,5
15389,GAMMNINFRA-EQ,GAMMNINFRA,,-1,1,,NSE,5
30835,PILITA-EQ,PILITA,,-1,1,,NSE,5
14223,TIIL-EQ,TIIL,,-1,1,,NSE,5
20314,NRAIL-EQ,NRAIL,,-1,1,,NSE,5
10176,SETFNIF50-EQ,SETFNIF50,,-1,1,,NSE,1
10993,INDORAMA-EQ,INDORAMA,,-1,1,,NSE,5
9158,BALAJITELE-EQ,BALAJITELE,,-1,1,,NSE,5
21154,ERIS-EQ,ERIS,,-1,1,,NSE,5
27107,SPECIALITY-EQ,SPECIALITY,,-1,1,,NSE,5
5143,JAICORPLTD-EQ,JAICORPLTD,,-1,1,,NSE,5
23650,MUTHOOTFIN-EQ,MUTHOOTFIN,,-1,1,,NSE,5
17957,MMTC-EQ,MMTC,,-1,1,,NSE,5
8343,MUKANDENGG-EQ,MUKANDENGG,,-1,1,,NSE,5
212,ASHOKLEY-EQ,ASHOKLEY,,-1,1,,NSE,5
236,ASIANPAINT-EQ,ASIANPAINT,,-1,1,,NSE,5
25634,ESSARSHPNG-EQ,ESSARSHPNG,,-1,1,,NSE,5
16657,ANIKINDS-EQ,ANIKINDS,,-1,1,,NSE,5
14788,SPARC-EQ,SPARC,,-1,1,,NSE,5
4306,SRTRANSFIN-EQ,SRTRANSFIN,,-1,1,,NSE,5
13839,DONEAR-EQ,DONEAR,,-1,1,,NSE,5
8840,USHAMART-EQ,USHAMART,,-1,1,,NSE,5
5900,AXISBANK-EQ,AXISBANK,,-1,1,,NSE,5
6368,SICAL-EQ,SICAL,,-1,1,,NSE,5
11483,LT-EQ,LT,,-1,1,,NSE,5
11212,SHK-EQ,SHK,,-1,1,,NSE,5
3715,VLSFINANCE-EQ,VLSFINANCE,,-1,1,,NSE,5
15209,PPAP-EQ,PPAP,,-1,1,,NSE,5
13081,TRIVENI-EQ,TRIVENI,,-1,1,,NSE,5
11522,NIITLTD-EQ,NIITLTD,,-1,1,,NSE,5
14445,NAHARPOLY-EQ,NAHARPOLY,,-1,1,,NSE,5
10791,NUCLEUS-EQ,NUCLEUS,,-1,1,,NSE,5
14894,CENTRALBK-EQ,CENTRALBK,,-1,1,,NSE,5
14523,ICRA-EQ,ICRA,,-1,1,,NSE,5
1675,ITI-EQ,ITI,,-1,1,,NSE,5
13260,KEC-EQ,KEC,,-1,1,,NSE,5
1624,IOC-EQ,IOC,,-1,1,,NSE,5
772,DABUR-EQ,DABUR,,-1,1,,NSE,5
14972,KSCL-EQ,KSCL,,-1,1,,NSE,5
1336,HEG-EQ,HEG,,-1,1,,NSE,5
11065,NATHBIOGEN-EQ,NATHBIOGEN,,-1,1,,NSE,5
27067,VSSL-EQ,VSSL,,-1,1,,NSE,5
19025,KIRLOSIND-EQ,KIRLOSIND,,-1,1,,NSE,5
8506,NETFMID150-EQ,NETFMID150,,-1,1,,NSE,1
1922,KOTAKBANK-EQ,KOTAKBANK,,-1,1,,NSE,5
1593,MGEL-EQ,MGEL,,-1,1,,NSE,5
18049,MINDTECK-EQ,MINDTECK,,-1,1,,NSE,5
11343,AFFLE-EQ,AFFLE,,-1,1,,NSE,5
18962,RAJRATAN-EQ,RAJRATAN,,-1,1,,NSE,5
2866,RCF-EQ,RCF,,-1,1,,NSE,5
166,ANDHRAPAP-EQ,ANDHRAPAP,,-1,1,,NSE,5
335,BALKRISIND-EQ,BALKRISIND,,-1,1,,NSE,5
1372,HINDCOMPOS-EQ,HINDCOMPOS,,-1,1,,NSE,5
13776,GESHIP-EQ,GESHIP,,-1,1,,NSE,5
18371,NDGL-EQ,NDGL,,-1,1,,NSE,5
20852,ZEELEARN-EQ,ZEELEARN,,-1,1,,NSE,5
11667,DWARKESH-EQ,DWARKESH,,-1,1,,NSE,5
11809,IIFL-EQ,IIFL,,-1,1,,NSE,5
1633,IPCALAB-EQ,IPCALAB,,-1,1,,NSE,5
9428,SKIPPER-EQ,SKIPPER,,-1,1,,NSE,5
20329,CGCL-EQ,CGCL,,-1,1,,NSE,5
19631,PRICOLLTD-EQ,PRICOLLTD,,-1,1,,NSE,5
16725,RPGLIFE-EQ,RPGLIFE,,-1,1,,NSE,5
350,BANARISUG-EQ,BANARISUG,,-1,1,,NSE,5
13182,ROHLTD-EQ,ROHLTD,,-1,1,,NSE,5
29850,GSCLCEMENT-EQ,GSCLCEMENT,,-1,1,,NSE,5
4491,JCHAC-EQ,JCHAC,,-1,1,,NSE,5
2606,LEMONTREE-EQ,LEMONTREE,,-1,1,,NSE,5
11149,SHRENIK-EQ,SHRENIK,,-1,1,,NSE,5
1235,GREAVESCOT-EQ,GREAVESCOT,,-1,1,,NSE,5
25340,VASWANI-EQ,VASWANI,,-1,1,,NSE,5
1174,GNFC-EQ,GNFC,,-1,1,,NSE,5
2181,BOSCHLTD-EQ,BOSCHLTD,,-1,1,,NSE,5
7446,BKMINDST-EQ,BKMINDST,,-1,1,,NSE,5
12124,DOLAT-EQ,DOLAT,,-1,1,,NSE,5
11979,HTMEDIA-EQ,HTMEDIA,,-1,1,,NSE,5
27297,RTNINFRA-EQ,RTNINFRA,,-1,1,,NSE,5
31415,NBCC-EQ,NBCC,,-1,1,,NSE,5
6227,DTIL-EQ,DTIL,,-1,1,,NSE,5
22360,MCL-EQ,MCL,,-1,1,,NSE,5
13801,SUTLEJTEX-EQ,SUTLEJTEX,,-1,1,,NSE,5
3456,TATAMOTORS-EQ,TATAMOTORS,,-1,1,,NSE,5
19531,BAJAJCON-EQ,BAJAJCON,,-1,1,,NSE,5
12173,HNDFDS-EQ,HNDFDS,,-1,1,,NSE,5
8119,RPSGVENT-EQ,RPSGVENT,,-1,1,,NSE,5
553,RELINFRA-EQ,RELINFRA,,-1,1,,NSE,5
14687,GOACARBON-EQ,GOACARBON,,-1,1,,NSE,5
14618,CHEMBOND-EQ,CHEMBOND,,-1,1,,NSE,5
13510,AKASH-EQ,AKASH,,-1,1,,NSE,5
14667,KMSUGAR-EQ,KMSUGAR,,-1,1,,NSE,5
7627,SHREERAMA-EQ,SHREERAMA,,-1,1,,NSE,5
17527,MAHASTEEL-EQ,MAHASTEEL,,-1,1,,NSE,5
3499,TATASTEEL-EQ,TATASTEEL,,-1,1,,NSE,5
3772,WILLAMAGOR-EQ,WILLAMAGOR,,-1,1,,NSE,5
11399,SALZERELEC-EQ,SALZERELEC,,-1,1,,NSE,5
2481,ONWARDTEC-EQ,ONWARDTEC,,-1,1,,NSE,5
17651,POKARNA-EQ,POKARNA,,-1,1,,NSE,5
13332,SOLARINDS-EQ,SOLARINDS,,-1,1,,NSE,5
30752,FLFL-EQ,FLFL,,-1,1,,NSE,5
16913,ARTEMISMED-EQ,ARTEMISMED,,-1,1,,NSE,5
7420,MANAKALUCO-EQ,MANAKALUCO,,-1,1,,NSE,5
18889,KSL-EQ,KSL,,-1,1,,NSE,5
14937,MAHINDCIE-EQ,MAHINDCIE,,-1,1,,NSE,5
14966,CSBBANK-EQ,CSBBANK,,-1,1,,NSE,5
1412,HSIL-EQ,HSIL,,-1,1,,NSE,5
11471,EXCELINDUS-EQ,EXCELINDUS,,-1,1,,NSE,5
16821,VINYLINDIA-EQ,VINYLINDIA,,-1,1,,NSE,5
13637,JMFINANCIL-EQ,JMFINANCIL,,-1,1,,NSE,5
1814,KALPATPOWR-EQ,KALPATPOWR,,-1,1,,NSE,5
10604,BHARTIARTL-EQ,BHARTIARTL,,-1,1,,NSE,5
17945,SUVENPHAR-EQ,SUVENPHAR,,-1,1,,NSE,5
14116,GANDHITUBE-EQ,GANDHITUBE,,-1,1,,NSE,5
17586,BIRLATYRE-EQ,BIRLATYRE,,-1,1,,NSE,5
29430,ANKITMETAL-EQ,ANKITMETAL,,-1,1,,NSE,5
381,SINTERCOM-EQ,SINTERCOM,,-1,1,,NSE,5
18220,KECL-EQ,KECL,,-1,1,,NSE,5
14771,TARMAT-EQ,TARMAT,,-1,1,,NSE,5
10397,JISLJALEQS-EQ,JISLJALEQS,,-1,1,,NSE,5
422,BHARATFORG-EQ,BHARATFORG,,-1,1,,NSE,5
13587,ACE-EQ,ACE,,-1,1,,NSE,5
13730,INSPIRISYS-EQ,INSPIRISYS,,-1,1,,NSE,5
16639,KIRIINDUS-EQ,KIRIINDUS,,-1,1,,NSE,5
20642,JINDWORLD-EQ,JINDWORLD,,-1,1,,NSE,5
8341,CALSOFT-EQ,CALSOFT,,-1,1,,NSE,5
474,3MINDIA-EQ,3MINDIA,,-1,1,,NSE,5
1482,IFBAGRO-EQ,IFBAGRO,,-1,1,,NSE,5
14917,TAKE-EQ,TAKE,,-1,1,,NSE,5
18142,EMMBI-EQ,EMMBI,,-1,1,,NSE,5
1011,SCHAEFFLER-EQ,SCHAEFFLER,,-1,1,,NSE,5
3435,AGCNET-EQ,AGCNET,,-1,1,,NSE,5
13725,DCBBANK-EQ,DCBBANK,,-1,1,,NSE,5
20092,TASTYBITE-EQ,TASTYBITE,,-1,1,,NSE,5
13810,GREENPANEL-EQ,GREENPANEL,,-1,1,,NSE,5
11377,MAHABANK-EQ,MAHABANK,,-1,1,,NSE,5
15189,BGRENERGY-EQ,BGRENERGY,,-1,1,,NSE,5
13885,ARIHANT-EQ,ARIHANT,,-1,1,,NSE,5
3579,UNICHEMLAB-EQ,UNICHEMLAB,,-1,1,,NSE,5
347,BANARBEADS-EQ,BANARBEADS,,-1,1,,NSE,5
16819,QNIFTY-EQ,QNIFTY,,-1,1,,NSE,1
308,BAJAJHIND-EQ,BAJAJHIND,,-1,1,,NSE,5
18908,PNBHOUSING-EQ,PNBHOUSING,,-1,1,,NSE,5
1363,HINDALCO-EQ,HINDALCO,,-1,1,,NSE,5
3906,CAPLIPOINT-EQ,CAPLIPOINT,,-1,1,,NSE,5
7048,HESTERBIO-EQ,HESTERBIO,,-1,1,,NSE,5
11852,SURYALAXMI-EQ,SURYALAXMI,,-1,1,,NSE,5
4394,MIRZAINT-EQ,MIRZAINT,,-1,1,,NSE,5
13409,GPIL-EQ,GPIL,,-1,1,,NSE,5
842,DHFL-EQ,DHFL,,-1,1,,NSE,5
2048,INDIGOPNTS-EQ,INDIGOPNTS,,-1,1,,NSE,5
18822,ENDURANCE-EQ,ENDURANCE,,-1,1,,NSE,5
14501,BALAMINES-EQ,BALAMINES,,-1,1,,NSE,5
11301,LUXIND-EQ,LUXIND,,-1,1,,NSE,5
3126,SHREYANIND-EQ,SHREYANIND,,-1,1,,NSE,5
3396,TAINWALCHM-EQ,TAINWALCHM,,-1,1,,NSE,5
15083,ADANIPORTS-EQ,ADANIPORTS,,-1,1,,NSE,5
703,DICIND-EQ,DICIND,,-1,1,,NSE,5
2307,MUNJALSHOW-EQ,MUNJALSHOW,,-1,1,,NSE,5
11965,VIVIMEDLAB-EQ,VIVIMEDLAB,,-1,1,,NSE,5
6848,GREENLAM-EQ,GREENLAM,,-1,1,,NSE,5
14582,SRHHYPOLTD-EQ,SRHHYPOLTD,,-1,1,,NSE,5
1927,LIQUIDETF-EQ,LIQUIDETF,,-1,1,,NSE,1
11860,JKPAPER-EQ,JKPAPER,,-1,1,,NSE,5
22255,NDRAUTO-EQ,NDRAUTO,,-1,1,,NSE,5
3694,VINDHYATEL-EQ,VINDHYATEL,,-1,1,,NSE,5
8546,CHALET-EQ,CHALET,,-1,1,,NSE,5
10753,UNIONBANK-EQ,UNIONBANK,,-1,1,,NSE,5
3718,VOLTAS-EQ,VOLTAS,,-1,1,,NSE,5
1797,AWHCL-EQ,AWHCL,,-1,1,,NSE,5
16253,EBBETF0430-EQ,EBBETF0430,,-1,1,,NSE,1
18652,ICICIPRULI-EQ,ICICIPRULI,,-1,1,,NSE,5
1485,IFBIND-EQ,IFBIND,,-1,1,,NSE,5
203,ASHAPURMIN-EQ,ASHAPURMIN,,-1,1,,NSE,5
14413,PAGEIND-EQ,PAGEIND,,-1,1,,NSE,5
19265,BLISSGVS-EQ,BLISSGVS,,-1,1,,NSE,5
13337,GALLANTT-EQ,GALLANTT,,-1,1,,NSE,5
28913,ROSSELLIND-EQ,ROSSELLIND,,-1,1,,NSE,5
20698,SCHAND-EQ,SCHAND,,-1,1,,NSE,5
29008,SUNCLAYLTD-EQ,SUNCLAYLTD,,-1,1,,NSE,5
3186,SKFINDIA-EQ,SKFINDIA,,-1,1,,NSE,5
6385,CCHHL-EQ,CCHHL,,-1,1,,NSE,5
10577,KRBL-EQ,KRBL,,-1,1,,NSE,5
5385,AAVAS-EQ,AAVAS,,-1,1,,NSE,5
17069,UJJIVAN-EQ,UJJIVAN,,-1,1,,NSE,5
13517,EMAMILTD-EQ,EMAMILTD,,-1,1,,NSE,5
3162,SIMPLEXINF-EQ,SIMPLEXINF,,-1,1,,NSE,5
11723,JSWSTEEL-EQ,JSWSTEEL,,-1,1,,NSE,5
1255,GOLDENTOBC-EQ,GOLDENTOBC,,-1,1,,NSE,5
11511,CENTEXT-EQ,CENTEXT,,-1,1,,NSE,5
3363,SUPREMEIND-EQ,SUPREMEIND,,-1,1,,NSE,5
16395,MMP-EQ,MMP,,-1,1,,NSE,5
10276,KAYA-EQ,KAYA,,-1,1,,NSE,5
20140,GALLISPAT-EQ,GALLISPAT,,-1,1,,NSE,5
13702,VISHWARAJ-EQ,VISHWARAJ,,-1,1,,NSE,5
24184,PIIND-EQ,PIIND,,-1,1,,NSE,5
1327,HCL-INSYS-EQ,HCL-INSYS,,-1,1,,NSE,5
17351,SALONA-EQ,SALONA,,-1,1,,NSE,5
19913,DMART-EQ,DMART,,-1,1,,NSE,5
14761,NELCAST-EQ,NELCAST,,-1,1,,NSE,5
380,BBTC-EQ,BBTC,,-1,1,,NSE,5
14111,NETWORK18-EQ,NETWORK18,,-1,1,,NSE,5
4747,INDNIPPON-EQ,INDNIPPON,,-1,1,,NSE,5
24196,VADILALIND-EQ,VADILALIND,,-1,1,,NSE,5
25780,APLAPOLLO-EQ,APLAPOLLO,,-1,1,,NSE,5
739,COROMANDEL-EQ,COROMANDEL,,-1,1,,NSE,5
20196,BEDMUTHA-EQ,BEDMUTHA,,-1,1,,NSE,5
9937,IBMFNIFTY-EQ,IBMFNIFTY,,-1,1,,NSE,1
14043,SARLAPOLY-EQ,SARLAPOLY,,-1,1,,NSE,5
13451,RATNAMANI-EQ,RATNAMANI,,-1,1,,NSE,5
1859,KESORAMIND-EQ,KESORAMIND,,-1,1,,NSE,5
547,BRITANNIA-EQ,BRITANNIA,,-1,1,,NSE,5
16900,DPWIRES-EQ,DPWIRES,,-1,1,,NSE,5
13511,MUNJALAU-EQ,MUNJALAU,,-1,1,,NSE,5
928,ELECTCAST-EQ,ELECTCAST,,-1,1,,NSE,5
18039,ADVENZYMES-EQ,ADVENZYMES,,-1,1,,NSE,5
817,DCW-EQ,DCW,,-1,1,,NSE,5
742,COSMOFILMS-EQ,COSMOFILMS,,-1,1,,NSE,5
20532,AXISGOLD-EQ,AXISGOLD,,-1,1,,NSE,1
17999,UNITEDTEA-EQ,UNITEDTEA,,-1,1,,NSE,5
10717,TIMESGTY-EQ,TIMESGTY,,-1,1,,NSE,5
19184,SFL-EQ,SFL,,-1,1,,NSE,5
25,ADANIENT-EQ,ADANIENT,,-1,1,,NSE,5
29598,REPCOHOME-EQ,REPCOHOME,,-1,1,,NSE,5
21740,CHOLAHLDNG-EQ,CHOLAHLDNG,,-1,1,,NSE,5
7413,MANAKCOAT-EQ,MANAKCOAT,,-1,1,,NSE,5
11536,TCS-EQ,TCS,,-1,1,,NSE,5
12026,RENUKA-EQ,RENUKA,,-1,1,,NSE,5
17520,RTNPOWER-EQ,RTNPOWER,,-1,1,,NSE,5
4587,RAMCOIND-EQ,RAMCOIND,,-1,1,,NSE,5
1185,AMBER-EQ,AMBER,,-1,1,,NSE,5
7339,ABSLNN50ET-EQ,ABSLNN50ET,,-1,1,,NSE,1
1627,LINDEINDIA-EQ,LINDEINDIA,,-1,1,,NSE,5
15266,JKIL-EQ,JKIL,,-1,1,,NSE,5
13751,NAUKRI-EQ,NAUKRI,,-1,1,,NSE,5
10666,PNB-EQ,PNB,,-1,1,,NSE,5
11743,JINDALPHOT-EQ,JINDALPHOT,,-1,1,,NSE,5
1330,HDFC-EQ,HDFC,,-1,1,,NSE,5
6051,CYBERTECH-EQ,CYBERTECH,,-1,1,,NSE,5
14677,GUJAPOLLO-EQ,GUJAPOLLO,,-1,1,,NSE,5
13673,ANSALHSG-EQ,ANSALHSG,,-1,1,,NSE,5
3324,SUBROS-EQ,SUBROS,,-1,1,,NSE,5
20534,GRAVITA-EQ,GRAVITA,,-1,1,,NSE,5
15308,SHRIRAMEPC-EQ,SHRIRAMEPC,,-1,1,,NSE,5
10922,OMAXAUTO-EQ,OMAXAUTO,,-1,1,,NSE,5
3345,SUNDRMFAST-EQ,SUNDRMFAST,,-1,1,,NSE,5
14942,NAGREEKCAP-EQ,NAGREEKCAP,,-1,1,,NSE,5
17270,ASPINWALL-EQ,ASPINWALL,,-1,1,,NSE,5
14982,CENTUM-EQ,CENTUM,,-1,1,,NSE,5
15068,RELIGARE-EQ,RELIGARE,,-1,1,,NSE,5
4749,CONCOR-EQ,CONCOR,,-1,1,,NSE,5
17971,SBICARD-EQ,SBICARD,,-1,1,,NSE,5
6733,JINDALSTEL-EQ,JINDALSTEL,,-1,1,,NSE,5
28899,KITEX-EQ,KITEX,,-1,1,,NSE,5
11671,PRESSMN-EQ,PRESSMN,,-1,1,,NSE,5
18096,JUBLFOOD-EQ,JUBLFOOD,,-1,1,,NSE,5
3129,SHREYAS-EQ,SHREYAS,,-1,1,,NSE,5
17174,EQ30-EQ,EQ30,,-1,1,,NSE,1
10530,SHARDAMOTR-EQ,SHARDAMOTR,,-1,1,,NSE,5
17818,LTI-EQ,LTI,,-1,1,,NSE,5
1232,GRASIM-EQ,GRASIM,,-1,1,,NSE,5
19111,NBIFIN-EQ,NBIFIN,,-1,1,,NSE,5
13441,BALPHARMA-EQ,BALPHARMA,,-1,1,,NSE,5
14309,INDIANB-EQ,INDIANB,,-1,1,,NSE,5
940,PGHL-EQ,PGHL,,-1,1,,NSE,5
13076,SORILINFRA-EQ,SORILINFRA,,-1,1,,NSE,5
10346,DGCONTENT-EQ,DGCONTENT,,-1,1,,NSE,5
4598,HERITGFOOD-EQ,HERITGFOOD,,-1,1,,NSE,5
2988,SANDESH-EQ,SANDESH,,-1,1,,NSE,5
8585,NLCINDIA-EQ,NLCINDIA,,-1,1,,NSE,5
15136,KAUSHALYA-EQ,KAUSHALYA,,-1,1,,NSE,5
275,AUROPHARMA-EQ,AUROPHARMA,,-1,1,,NSE,5
9917,NEOGEN-EQ,NEOGEN,,-1,1,,NSE,5
15032,PSUBNKBEES-EQ,PSUBNKBEES,,-1,1,,NSE,1
14702,NAGREEKEXP-EQ,NAGREEKEXP,,-1,1,,NSE,5
19299,ITDC-EQ,ITDC,,-1,1,,NSE,5
3745,WATERBASE-EQ,WATERBASE,,-1,1,,NSE,5
11262,IGL-EQ,IGL,,-1,1,,NSE,5
3963,GOCLCORP-EQ,GOCLCORP,,-1,1,,NSE,5
9219,TPLPLASTEH-EQ,TPLPLASTEH,,-1,1,,NSE,5
24391,EBIXFOREX-EQ,EBIXFOREX,,-1,1,,NSE,5
4391,GULFOILLUB-EQ,GULFOILLUB,,-1,1,,NSE,5
10580,TCI-EQ,TCI,,-1,1,,NSE,5
16933,INDBANK-EQ,INDBANK,,-1,1,,NSE,5
14198,TIMKEN-EQ,TIMKEN,,-1,1,,NSE,5
18863,VERTOZ-EQ,VERTOZ,,-1,1,,NSE,5
19277,EMAMIREAL-EQ,EMAMIREAL,,-1,1,,NSE,5
676,EXIDEIND-EQ,EXIDEIND,,-1,1,,NSE,5
11987,ICIL-EQ,ICIL,,-1,1,,NSE,5
4487,ALKYLAMINE-EQ,ALKYLAMINE,,-1,1,,NSE,5
15161,HITECHCORP-EQ,HITECHCORP,,-1,1,,NSE,5
1168,GMBREW-EQ,GMBREW,,-1,1,,NSE,5
13270,JKCEMENT-EQ,JKCEMENT,,-1,1,,NSE,5
4671,JSWISPL-EQ,JSWISPL,,-1,1,,NSE,5
1030,AARON-EQ,AARON,,-1,1,,NSE,5
13211,JAGRAN-EQ,JAGRAN,,-1,1,,NSE,5
11045,SATIA-EQ,SATIA,,-1,1,,NSE,5
11387,UMANGDAIRY-EQ,UMANGDAIRY,,-1,1,,NSE,5
14134,PITTIENG-EQ,PITTIENG,,-1,1,,NSE,5
17598,ASALCBR-EQ,ASALCBR,,-1,1,,NSE,5
11319,LICNETFN50-EQ,LICNETFN50,,-1,1,,NSE,1
7518,TREJHARA-EQ,TREJHARA,,-1,1,,NSE,5
19877,RADIOCITY-EQ,RADIOCITY,,-1,1,,NSE,5
11355,PTC-EQ,PTC,,-1,1,,NSE,5
3799,WSTCSTPAPR-EQ,WSTCSTPAPR,,-1,1,,NSE,5
3078,SHANTIGEAR-EQ,SHANTIGEAR,,-1,1,,NSE,5
3045,SBIN-EQ,SBIN,,-1,1,,NSE,5
1394,HINDUNILVR-EQ,HINDUNILVR,,-1,1,,NSE,5
1708,JAYBARMARU-EQ,JAYBARMARU,,-1,1,,NSE,5
13285,M&MFIN-EQ,M&MFIN,,-1,1,,NSE,5
937,ELGIEQUIP-EQ,ELGIEQUIP,,-1,1,,NSE,5
19289,M50-EQ,M50,,-1,1,,NSE,1
2868,HITECH-EQ,HITECH,,-1,1,,NSE,5
4127,SAMBHAAV-EQ,SAMBHAAV,,-1,1,,NSE,5
8828,GAEL-EQ,GAEL,,-1,1,,NSE,5
17659,UNIVPHOTO-EQ,UNIVPHOTO,,-1,1,,NSE,5
13086,AIAENG-EQ,AIAENG,,-1,1,,NSE,5
11662,BCP-EQ,BCP,,-1,1,,NSE,5
19943,DEEPAKNTR-EQ,DEEPAKNTR,,-1,1,,NSE,5
3405,TATACHEM-EQ,TATACHEM,,-1,1,,NSE,5
5264,PDSMFL-EQ,PDSMFL,,-1,1,,NSE,5
31163,ORIENTREF-EQ,ORIENTREF,,-1,1,,NSE,5
17675,ALOKINDS-EQ,ALOKINDS,,-1,1,,NSE,5
22739,N100-EQ,N100,,-1,1,,NSE,1
19211,HMVL-EQ,HMVL,,-1,1,,NSE,5
22277,WORTH-EQ,WORTH,,-1,1,,NSE,5
4040,EIMCOELECO-EQ,EIMCOELECO,,-1,1,,NSE,5
14304,FSL-EQ,FSL,,-1,1,,NSE,5
16852,EQUITAS-EQ,EQUITAS,,-1,1,,NSE,5
3475,THERMAX-EQ,THERMAX,,-1,1,,NSE,5
278,AUTOAXLES-EQ,AUTOAXLES,,-1,1,,NSE,5
13430,KELLTONTEC-EQ,KELLTONTEC,,-1,1,,NSE,5
10114,GBGLOBAL-EQ,GBGLOBAL,,-1,1,,NSE,5
25574,SHAKTIPUMP-EQ,SHAKTIPUMP,,-1,1,,NSE,5
25584,TRITURBINE-EQ,TRITURBINE,,-1,1,,NSE,5
17728,ASTEC-EQ,ASTEC,,-1,1,,NSE,5
19937,KILITCH-EQ,KILITCH,,-1,1,,NSE,5
14255,REDINGTON-EQ,REDINGTON,,-1,1,,NSE,5
13275,INDOTECH-EQ,INDOTECH,,-1,1,,NSE,5
3063,VEDL-EQ,VEDL,,-1,1,,NSE,5
9590,POLYCAB-EQ,POLYCAB,,-1,1,,NSE,5
641,DNAMEDIA-EQ,DNAMEDIA,,-1,1,,NSE,5
2562,HUHTAMAKI-EQ,HUHTAMAKI,,-1,1,,NSE,5
11591,HDFCNIFETF-EQ,HDFCNIFETF,,-1,1,,NSE,1
3518,TORNTPHARM-EQ,TORNTPHARM,,-1,1,,NSE,5
17333,MHRIL-EQ,MHRIL,,-1,1,,NSE,5
526,BPCL-EQ,BPCL,,-1,1,,NSE,5
14848,ALPA-EQ,ALPA,,-1,1,,NSE,5
20413,IOLCP-EQ,IOLCP,,-1,1,,NSE,5
30038,FCONSUMER-EQ,FCONSUMER,,-1,1,,NSE,5
15119,EDELWEISS-EQ,EDELWEISS,,-1,1,,NSE,5
10188,SHYAMCENT-EQ,SHYAMCENT,,-1,1,,NSE,5
20830,MOIL-EQ,MOIL,,-1,1,,NSE,5
19196,TI-EQ,TI,,-1,1,,NSE,5
9046,AGROPHOS-EQ,AGROPHOS,,-1,1,,NSE,5
4020,HOTELRUGBY-EQ,HOTELRUGBY,,-1,1,,NSE,5
21252,AXISNIFTY-EQ,AXISNIFTY,,-1,1,,NSE,1
11373,BIOCON-EQ,BIOCON,,-1,1,,NSE,5
9354,TAJGVK-EQ,TAJGVK,,-1,1,,NSE,5
2313,MURUDCERA-EQ,MURUDCERA,,-1,1,,NSE,5
1465,ACCURACY-EQ,ACCURACY,,-1,1,,NSE,5
15332,NMDC-EQ,NMDC,,-1,1,,NSE,5
17388,ADANIPOWER-EQ,ADANIPOWER,,-1,1,,NSE,5
11364,VAIBHAVGBL-EQ,VAIBHAVGBL,,-1,1,,NSE,5
4525,DYNAMATECH-EQ,DYNAMATECH,,-1,1,,NSE,5
11275,TVTODAY-EQ,TVTODAY,,-1,1,,NSE,5
1196,KANSAINER-EQ,KANSAINER,,-1,1,,NSE,5
10599,GUJGASLTD-EQ,GUJGASLTD,,-1,1,,NSE,5
24231,OMINFRAL-EQ,OMINFRAL,,-1,1,,NSE,5
15007,MANGCHEFER-EQ,MANGCHEFER,,-1,1,,NSE,5
634,IGARASHI-EQ,IGARASHI,,-1,1,,NSE,5
15199,MANAKSIA-EQ,MANAKSIA,,-1,1,,NSE,5
9678,SOUTHWEST-EQ,SOUTHWEST,,-1,1,,NSE,5
2794,RSWM-EQ,RSWM,,-1,1,,NSE,5
11703,ALKEM-EQ,ALKEM,,-1,1,,NSE,5
2882,RELCAPITAL-EQ,RELCAPITAL,,-1,1,,NSE,5
21704,DCAL-EQ,DCAL,,-1,1,,NSE,5
15377,PDMJEPAPER-EQ,PDMJEPAPER,,-1,1,,NSE,5
11233,SUVEN-EQ,SUVEN,,-1,1,,NSE,5
3481,THOMASCOOK-EQ,THOMASCOOK,,-1,1,,NSE,5
14838,DECCANCE-EQ,DECCANCE,,-1,1,,NSE,5
8175,SAGARDEEP-EQ,SAGARDEEP,,-1,1,,NSE,5
18479,ISFT-EQ,ISFT,,-1,1,,NSE,5
13941,PRAENG-EQ,PRAENG,,-1,1,,NSE,5
11654,LALPATHLAB-EQ,LALPATHLAB,,-1,1,,NSE,5
15288,HERCULES-EQ,HERCULES,,-1,1,,NSE,5
7848,BIL-EQ,BIL,,-1,1,,NSE,5
2331,JAYNECOIND-EQ,JAYNECOIND,,-1,1,,NSE,5
2454,CENTRUM-EQ,CENTRUM,,-1,1,,NSE,5
7851,RAMCOSYS-EQ,RAMCOSYS,,-1,1,,NSE,5
18154,HATHWAY-EQ,HATHWAY,,-1,1,,NSE,5
1979,LAXMIMACH-EQ,LAXMIMACH,,-1,1,,NSE,5
20223,CLEDUCATE-EQ,CLEDUCATE,,-1,1,,NSE,5
4421,CREDITACC-EQ,CREDITACC,,-1,1,,NSE,5
13658,GEECEE-EQ,GEECEE,,-1,1,,NSE,5
2275,IRISDOREME-EQ,IRISDOREME,,-1,1,,NSE,5
270,CHEMCON-EQ,CHEMCON,,-1,1,,NSE,5
11774,3IINFOTECH-EQ,3IINFOTECH,,-1,1,,NSE,5
1901,CUMMINSIND-EQ,CUMMINSIND,,-1,1,,NSE,5
20560,DOLLAR-EQ,DOLLAR,,-1,1,,NSE,5
15141,COLPAL-EQ,COLPAL,,-1,1,,NSE,5
14278,ORIENTBELL-EQ,ORIENTBELL,,-1,1,,NSE,5
19525,IITL-EQ,IITL,,-1,1,,NSE,5
13951,PARACABLES-EQ,PARACABLES,,-1,1,,NSE,5
1455,HIL-EQ,HIL,,-1,1,,NSE,5
10794,CANBK-EQ,CANBK,,-1,1,,NSE,5
4244,HDFCAMC-EQ,HDFCAMC,,-1,1,,NSE,5
17963,NESTLEIND-EQ,NESTLEIND,,-1,1,,NSE,5
15271,CORDSCABLE-EQ,CORDSCABLE,,-1,1,,NSE,5
17752,SHILPAMED-EQ,SHILPAMED,,-1,1,,NSE,5
21017,FMNL-EQ,FMNL,,-1,1,,NSE,5
342,CAMS-EQ,CAMS,,-1,1,,NSE,5
7361,SETFNIFBK-EQ,SETFNIFBK,,-1,1,,NSE,1
6713,MOLDTKPAC-EQ,MOLDTKPAC,,-1,1,,NSE,5
11626,WELENT-EQ,WELENT,,-1,1,,NSE,5
30089,ORIENTCEM-EQ,ORIENTCEM,,-1,1,,NSE,5
1289,GFLLIMITED-EQ,GFLLIMITED,,-1,1,,NSE,5
11655,JBMA-EQ,JBMA,,-1,1,,NSE,5
4751,INDRAMEDCO-EQ,INDRAMEDCO,,-1,1,,NSE,5
4745,BANKINDIA-EQ,BANKINDIA,,-1,1,,NSE,5
15129,RGL-EQ,RGL,,-1,1,,NSE,5
1044,AXISBNKETF-EQ,AXISBNKETF,,-1,1,,NSE,1
17869,JSWENERGY-EQ,JSWENERGY,,-1,1,,NSE,5
31107,DBSTOCKBRO-EQ,DBSTOCKBRO,,-1,1,,NSE,5
17395,SETF10GILT-EQ,SETF10GILT,,-1,1,,NSE,1
19931,ORISSAMINE-EQ,ORISSAMINE,,-1,1,,NSE,5
30108,ABFRL-EQ,ABFRL,,-1,1,,NSE,5
263,ATUL-EQ,ATUL,,-1,1,,NSE,5
2354,KARDA-EQ,KARDA,,-1,1,,NSE,5
2636,NETFDIVOPP-EQ,NETFDIVOPP,,-1,1,,NSE,1
2106,MANGLMCEM-EQ,MANGLMCEM,,-1,1,,NSE,5
3857,VARROC-EQ,VARROC,,-1,1,,NSE,5
1672,HGINFRA-EQ,HGINFRA,,-1,1,,NSE,5
694,CIPLA-EQ,CIPLA,,-1,1,,NSE,5
6198,FCL-EQ,FCL,,-1,1,,NSE,5
13061,IIFLWAM-EQ,IIFLWAM,,-1,1,,NSE,5
9552,RVNL-EQ,RVNL,,-1,1,,NSE,5
19679,ICICIGOLD-EQ,ICICIGOLD,,-1,1,,NSE,1
3506,TITAN-EQ,TITAN,,-1,1,,NSE,5
16965,TATAMTRDVR-EQ,TATAMTRDVR,,-1,1,,NSE,5
15146,JYOTHYLAB-EQ,JYOTHYLAB,,-1,1,,NSE,5
14480,GOKULAGRO-EQ,GOKULAGRO,,-1,1,,NSE,5
16921,20MICRONS-EQ,20MICRONS,,-1,1,,NSE,5
4594,KOTHARIPET-EQ,KOTHARIPET,,-1,1,,NSE,5
7401,RAJESHEXPO-EQ,RAJESHEXPO,,-1,1,,NSE,5
15278,ONMOBILE-EQ,ONMOBILE,,-1,1,,NSE,5
3021,SOTL-EQ,SOTL,,-1,1,,NSE,5
8591,AKSHOPTFBR-EQ,AKSHOPTFBR,,-1,1,,NSE,5
3676,VESUVIUS-EQ,VESUVIUS,,-1,1,,NSE,5
11935,SPLIL-EQ,SPLIL,,-1,1,,NSE,5
1994,LIBERTSHOE-EQ,LIBERTSHOE,,-1,1,,NSE,5
805,DCM-EQ,DCM,,-1,1,,NSE,5
13761,BBL-EQ,BBL,,-1,1,,NSE,5
199,MASFIN-EQ,MASFIN,,-1,1,,NSE,5
17468,MAXVIL-EQ,MAXVIL,,-1,1,,NSE,5
17105,SUMICHEM-EQ,SUMICHEM,,-1,1,,NSE,5
1038,FINCABLES-EQ,FINCABLES,,-1,1,,NSE,5
17272,SETFGOLD-EQ,SETFGOLD,,-1,1,,NSE,5
9059,NIFTYEES-EQ,NIFTYEES,,-1,1,,NSE,1
25724,RUPA-EQ,RUPA,,-1,1,,NSE,5
8050,MAHLIFE-EQ,MAHLIFE,,-1,1,,NSE,5
11699,PATELENG-EQ,PATELENG,,-1,1,,NSE,5
13111,ORIENTABRA-EQ,ORIENTABRA,,-1,1,,NSE,5
11445,PILANIINVS-EQ,PILANIINVS,,-1,1,,NSE,5
4732,SKMEGGPROD-EQ,SKMEGGPROD,,-1,1,,NSE,5
17833,AHLUCONT-EQ,AHLUCONT,,-1,1,,NSE,5
15399,EIHAHOTELS-EQ,EIHAHOTELS,,-1,1,,NSE,5
3965,REMSONSIND-EQ,REMSONSIND,,-1,1,,NSE,5
28859,PROZONINTU-EQ,PROZONINTU,,-1,1,,NSE,5
14334,HSCL-EQ,HSCL,,-1,1,,NSE,5
206,ASHIMASYN-EQ,ASHIMASYN,,-1,1,,NSE,5
399,NIACL-EQ,NIACL,,-1,1,,NSE,5
15228,UJJIVANSFB-EQ,UJJIVANSFB,,-1,1,,NSE,5
15303,BANG-EQ,BANG,,-1,1,,NSE,5
2388,NELCO-EQ,NELCO,,-1,1,,NSE,5
3493,TINPLATE-EQ,TINPLATE,,-1,1,,NSE,5
4007,CORALFINAC-EQ,CORALFINAC,,-1,1,,NSE,5
11037,ICICIBANKN-EQ,ICICIBANKN,,-1,1,,NSE,1
4892,SAREGAMA-EQ,SAREGAMA,,-1,1,,NSE,5
2439,NKIND-EQ,NKIND,,-1,1,,NSE,5
9014,ANUP-EQ,ANUP,,-1,1,,NSE,5
3252,SPIC-EQ,SPIC,,-1,1,,NSE,5
18520,CUPID-EQ,CUPID,,-1,1,,NSE,5
7852,INOXWIND-EQ,INOXWIND,,-1,1,,NSE,5
513,BOMDYEING-EQ,BOMDYEING,,-1,1,,NSE,5
19578,UGARSUGAR-EQ,UGARSUGAR,,-1,1,,NSE,5
11549,TEXINFRA-EQ,TEXINFRA,,-1,1,,NSE,5
17541,DAMODARIND-EQ,DAMODARIND,,-1,1,,NSE,5
11080,GFSTEELS-EQ,GFSTEELS,,-1,1,,NSE,5
5378,ASAHIINDIA-EQ,ASAHIINDIA,,-1,1,,NSE,5
781,DALMIASUG-EQ,DALMIASUG,,-1,1,,NSE,5
16996,GISOLUTION-EQ,GISOLUTION,,-1,1,,NSE,5
104,SHAREINDIA-EQ,SHAREINDIA,,-1,1,,NSE,5
3812,ZEEL-EQ,ZEEL,,-1,1,,NSE,5
19271,DFMFOODS-EQ,DFMFOODS,,-1,1,,NSE,5
13538,TECHM-EQ,TECHM,,-1,1,,NSE,5
2493,ORIENTHOT-EQ,ORIENTHOT,,-1,1,,NSE,5
11884,MANINDS-EQ,MANINDS,,-1,1,,NSE,5
10217,ADANITRANS-EQ,ADANITRANS,,-1,1,,NSE,5
16705,GOKUL-EQ,GOKUL,,-1,1,,NSE,5
4160,NORBTEAEXP-EQ,NORBTEAEXP,,-1,1,,NSE,5
9039,UFO-EQ,UFO,,-1,1,,NSE,5
1008,FACT-EQ,FACT,,-1,1,,NSE,5
11223,UCOBANK-EQ,UCOBANK,,-1,1,,NSE,5
13756,SHIVAMAUTO-EQ,SHIVAMAUTO,,-1,1,,NSE,5
13620,ANANTRAJ-EQ,ANANTRAJ,,-1,1,,NSE,5
625,CENTURYTEX-EQ,CENTURYTEX,,-1,1,,NSE,5
14366,IDEA-EQ,IDEA,,-1,1,,NSE,5
14014,LUMAXTECH-EQ,LUMAXTECH,,-1,1,,NSE,5
10576,NIFTYBEES-EQ,NIFTYBEES,,-1,1,,NSE,1
1076,ZENSARTECH-EQ,ZENSARTECH,,-1,1,,NSE,5
14435,JKTYRE-EQ,JKTYRE,,-1,1,,NSE,5
11293,UNIENTER-EQ,UNIENTER,,-1,1,,NSE,5
29284,VMART-EQ,VMART,,-1,1,,NSE,5
4037,AUSOMENT-EQ,AUSOMENT,,-1,1,,NSE,5
11220,VARDHACRLC-EQ,VARDHACRLC,,-1,1,,NSE,5
8075,DALBHARAT-EQ,DALBHARAT,,-1,1,,NSE,5
2397,SANDHAR-EQ,SANDHAR,,-1,1,,NSE,5
936,DPABHUSHAN-EQ,DPABHUSHAN,,-1,1,,NSE,5
8736,PNBGILTS-EQ,PNBGILTS,,-1,1,,NSE,5
14889,ASIANTILES-EQ,ASIANTILES,,-1,1,,NSE,5
1403,HINDOILEXP-EQ,HINDOILEXP,,-1,1,,NSE,5
18921,VBL-EQ,VBL,,-1,1,,NSE,5
17839,GILLANDERS-EQ,GILLANDERS,,-1,1,,NSE,5
16713,UBL-EQ,UBL,,-1,1,,NSE,5
128,ROUTE-EQ,ROUTE,,-1,1,,NSE,5
4469,ELECTHERM-EQ,ELECTHERM,,-1,1,,NSE,5
21828,TEXRAIL-EQ,TEXRAIL,,-1,1,,NSE,5
7902,LFIC-EQ,LFIC,,-1,1,,NSE,5
1508,ASTERDM-EQ,ASTERDM,,-1,1,,NSE,5
11058,SECURKLOUD-EQ,SECURKLOUD,,-1,1,,NSE,5
16783,GET&D-EQ,GET&D,,-1,1,,NSE,5
3736,WALCHANNAG-EQ,WALCHANNAG,,-1,1,,NSE,5
4843,SNOWMAN-EQ,SNOWMAN,,-1,1,,NSE,5
1250,CASTROLIND-EQ,CASTROLIND,,-1,1,,NSE,5
21119,KICL-EQ,KICL,,-1,1,,NSE,5
25640,IDBIGOLD-EQ,IDBIGOLD,,-1,1,,NSE,5
13414,RSYSTEMS-EQ,RSYSTEMS,,-1,1,,NSE,5
14423,LAOPALA-EQ,LAOPALA,,-1,1,,NSE,5
2320,SMCGLOBAL-EQ,SMCGLOBAL,,-1,1,,NSE,5
30550,NTL-EQ,NTL,,-1,1,,NSE,5
15229,LICNFNHGP-EQ,LICNFNHGP,,-1,1,,NSE,1
13900,CREST-EQ,CREST,,-1,1,,NSE,5
17046,HINDNATGLS-EQ,HINDNATGLS,,-1,1,,NSE,5
11856,SHAHALLOYS-EQ,SHAHALLOYS,,-1,1,,NSE,5
999,EUROTEXIND-EQ,EUROTEXIND,,-1,1,,NSE,5
14174,IZMO-EQ,IZMO,,-1,1,,NSE,5
11773,VISHAL-EQ,VISHAL,,-1,1,,NSE,5
13585,ATLANTA-EQ,ATLANTA,,-1,1,,NSE,5
18883,SJVN-EQ,SJVN,,-1,1,,NSE,5
1190,FMGOETZE-EQ,FMGOETZE,,-1,1,,NSE,5
20178,AKSHARCHEM-EQ,AKSHARCHEM,,-1,1,,NSE,5
3099,SHREDIGCEM-EQ,SHREDIGCEM,,-1,1,,NSE,5
